benchmark_id,clean_image_path,clean_sha256,ground_truth_field,ground_truth_path,ground_truth_sha256,height,ingestion_timestamp,license_or_permission_note,metadata_path,original_filename,original_sample_id,replacement_reason,replacement_status,repository_revision,requested_row_index,resolved_row_index,source_dataset,source_image_path,source_sha256,source_split,source_type,width
arabic_ocr_000001,originals/arabic_ocr_000001.png,7fec94d92083ee121a5548775892020d83ff584ad1e4ca07cb389bcf9ddde629,text,ground_truth/arabic_ocr_000001.txt,9533aec7cd912d05baf1872b04a28334c67c97f063327f14f4f2252bfec772bf,1754,2026-08-25T20:38:01.500973+00:00,unspecified,input/metadata/arabic_ocr_000001.json,row_0,0,,False,5693b901e43bb5c72b4b77e4a3efeadfd01739a8,0,0,ahmedheakl/arocrbench_hindawi,input/images/arabic_ocr_000001.bin,0efd3f53e55dcdfd5ed0a99b1828930801ef18673c93d8b82b9e2f1e6952f482,train,rendered_text_page,1240
arabic_ocr_000002,originals/arabic_ocr_000002.png,c9810389318ee6fd730b9f5554ed60b2ba89bd58f4b766a6aad7f7de359c810d,text,ground_truth/arabic_ocr_000002.txt,512818b69641b088f22896187c60831b1df0ed351a554e9b80fe0585f567794d,1754,2026-08-25T20:38:01.500973+00:00,unspecified,input/metadata/arabic_ocr_000002.json,row_7,7,,False,5693b901e43bb5c72b4b77e4a3efeadfd01739a8,7,7,ahmedheakl/arocrbench_hindawi,input/images/arabic_ocr_000002.bin,b6682bfb7c8344787c9459f87319547296c70ebffa74f7a4d50e69d3db11c6f4,train,rendered_text_page,1240
arabic_ocr_000003,originals/arabic_ocr_000003.png,92ebf9afc7ed08e887a0223219bcc457d78d99a48294891bffb551c9f44a6bab,text,ground_truth/arabic_ocr_000003.txt,9103097c8d656f7a22179bc0e29d789108c1ed4e9fa6f7835ef7a5c935b4ab47,1754,2026-08-25T20:38:01.500973+00:00,unspecified,input/metadata/arabic_ocr_000003.json,row_19,19,,False,5693b901e43bb5c72b4b77e4a3efeadfd01739a8,19,19,ahmedheakl/arocrbench_hindawi,input/images/arabic_ocr_000003.bin,41162a50a846a11116364f916c6af2a1a7c6cb85d3e465aedea2497a6d835bca,train,rendered_text_page,1240
arabic_ocr_000004,originals/arabic_ocr_000004.png,a4065a58a731361fb63b7542ba432c934f9b9ccd14a7351f2ef1bac26541fc33,text,ground_truth/arabic_ocr_000004.txt,7b8a2e41912ba578ed86083a819726224c7a1d4454d525f5a2734fa26d0395d9,1754,2026-08-25T20:38:01.500973+00:00,unspecified,input/metadata/arabic_ocr_000004.json,row_31,31,,False,5693b901e43bb5c72b4b77e4a3efeadfd01739a8,31,31,ahmedheakl/arocrbench_hindawi,input/images/arabic_ocr_000004.bin,48b7212a73dd02e278787d624d2720822d59ee89615b7b898b60084de76fa102,train,rendered_text_page,1240
arabic_ocr_000005,originals/arabic_ocr_000005.png,6c675b553ef934f3d0aef5416976909b821e09b7a9b8d67a3dbad6635869b3ee,text,ground_truth/arabic_ocr_000005.txt,4145d4b18e7fa10641737a5946e2b309e5ec7a12b92503fd68018e0b12f33df3,1754,2026-08-25T20:38:01.500973+00:00,unspecified,input/metadata/arabic_ocr_000005.json,row_52,52,,False,5693b901e43bb5c72b4b77e4a3efeadfd01739a8,52,52,ahmedheakl/arocrbench_hindawi,input/images/arabic_ocr_000005.bin,5ea3fb608d0cce423776fade0b9af973dc55fbe5392c35a550ac29d903ae15b7,train,rendered_text_page,1240
arabic_ocr_000006,originals/arabic_ocr_000006.png,5a93ab59f6b8c56604b82921abbd9b77da1a61e8b4e5246d457aa1bc28d538e9,text,ground_truth/arabic_ocr_000006.txt,00cca059f3cb7218239212c941e6ce3ca7d8d29a645ad45bbb621df2604599b4,1754,2026-08-25T20:38:01.500973+00:00,unspecified,input/metadata/arabic_ocr_000006.json,row_88,88,,False,5693b901e43bb5c72b4b77e4a3efeadfd01739a8,88,88,ahmedheakl/arocrbench_hindawi,input/images/arabic_ocr_000006.bin,e988d9de8b26df01a4178db50e012851ad6f872a6108a482ca17a4bd0b27d173,train,rendered_text_page,1240
arabic_ocr_000007,originals/arabic_ocr_000007.png,3b2fa970b74d057e83e6a374c0071176711ac529cd943d0b7fcdf79919087977,text,ground_truth/arabic_ocr_000007.txt,f6be1fb01fb180aaa55b5e75c065815aed5a0d92900d18447c30ca1432b660cc,1754,2026-08-25T20:38:01.500973+00:00,unspecified,input/metadata/arabic_ocr_000007.json,row_131,131,,False,5693b901e43bb5c72b4b77e4a3efeadfd01739a8,131,131,ahmedheakl/arocrbench_hindawi,input/images/arabic_ocr_000007.bin,9ca909f9735770ec3593b225d0c96a5b129453b9ecc4b61db011eeb10eb50522,train,rendered_text_page,1240
arabic_ocr_000008,originals/arabic_ocr_000008.png,ff35d3488d863d96c2cc7c3fc06dea0980f9b71b8d87d6d76dc745d1e93131fd,text,ground_truth/arabic_ocr_000008.txt,4436cff6e00617505b3faf18011cd61095264600b19fcf6f2f136896e1d4c6ba,1754,2026-08-25T20:38:01.500973+00:00,unspecified,input/metadata/arabic_ocr_000008.json,row_177,177,,False,5693b901e43bb5c72b4b77e4a3efeadfd01739a8,177,177,ahmedheakl/arocrbench_hindawi,input/images/arabic_ocr_000008.bin,84ae866093b5cf2f06ac5c66cd70bcb72e3ed145c37ebbbffd7a4c3cb9ef8b32,train,rendered_text_page,1240
arabic_ocr_000009,originals/arabic_ocr_000009.png,b53f5bb630ac77fb6f97ae4d8d232655a47c68e822d142f028e3ead16cd9ae30,answer,ground_truth/arabic_ocr_000009.txt,9e80f244131bd149a793e24ef2b35a0b6278bb571a3d2ac4d71b5863b51bd450,920,2026-08-25T20:38:01.500973+00:00,unspecified,input/metadata/arabic_ocr_000009.json,row_0,0,,False,cbe0684cfc878f281be6d6b11c22f41d32842c00,0,0,ahmedheakl/arocrbench_historicalbooks,input/images/arabic_ocr_000009.bin,776631e27c6df6c641160f14420e4b3d1062f57ea23eeb80fdec7bed3cf42bca,train,original_image,579
arabic_ocr_000010,originals/arabic_ocr_000010.png,4067c3f392e2d28cd00d7eac155192d4c17124ba6991e521bd9f6a828fbe7f9b,answer,ground_truth/arabic_ocr_000010.txt,1a9383515c64db0eb9914f39fc1597f38117c5d278dca4935e5d65de7d28ce0c,812,2026-08-25T20:38:01.500973+00:00,unspecified,input/metadata/arabic_ocr_000010.json,row_1,1,,False,cbe0684cfc878f281be6d6b11c22f41d32842c00,1,1,ahmedheakl/arocrbench_historicalbooks,input/images/arabic_ocr_000010.bin,e2767114d2b9594b90aa28dced2944f5be3fd961569b1f7fe234ba0f424e2ad5,train,original_image,498
arabic_ocr_000011,originals/arabic_ocr_000011.png,6371b7838698de8d73404080650213b2a649dd4aaa7e58ced928430b32a78d4a,answer,ground_truth/arabic_ocr_000011.txt,bee3f767682ca18bf1fc0e9976566b4bd627b6ff010ac17318d9729c978730e3,851,2026-08-25T20:38:01.500973+00:00,unspecified,input/metadata/arabic_ocr_000011.json,row_3,3,,False,cbe0684cfc878f281be6d6b11c22f41d32842c00,3,3,ahmedheakl/arocrbench_historicalbooks,input/images/arabic_ocr_000011.bin,9811396cf1244fd7431ddecaa8e196e82cdff088caeeb13f3c6d3a60e60e0828,train,original_image,609
arabic_ocr_000012,originals/arabic_ocr_000012.png,c6ba8f26fffebc6605e2b902bf3dc5dcedd4ab11f2029ddedfb88f395fba8933,answer,ground_truth/arabic_ocr_000012.txt,a1ace0aacef379ad3d6f6ecdff5f6c4b1dd8000086fcc4095354586131af3eeb,916,2026-08-25T20:38:01.500973+00:00,unspecified,input/metadata/arabic_ocr_000012.json,row_5,5,,False,cbe0684cfc878f281be6d6b11c22f41d32842c00,5,5,ahmedheakl/arocrbench_historicalbooks,input/images/arabic_ocr_000012.bin,3c1f3e28be7b657ae0e6fcd7f928cd41f132c35e62f3ee3a3268aa640791666a,train,original_image,659
arabic_ocr_000013,originals/arabic_ocr_000013.png,e3dd4954a1d53e7d2f0f29c079cfc5731e8c182e522614da6f7bf42d592047db,answer,ground_truth/arabic_ocr_000013.txt,6e0ede8339bbd5540668083a59b58cb3d0ab4d148573e9c90999951213eece8c,815,2026-08-25T20:38:01.500973+00:00,unspecified,input/metadata/arabic_ocr_000013.json,row_7,7,,False,cbe0684cfc878f281be6d6b11c22f41d32842c00,7,7,ahmedheakl/arocrbench_historicalbooks,input/images/arabic_ocr_000013.bin,6421bc776fdc572eb46093d490e4e19fad5971e618af96aaaae458e013a94d90,train,original_image,496
arabic_ocr_000014,originals/arabic_ocr_000014.png,d3d3c5235a50e7889fc134b83f9537c6c2b868b86dff8359ee648e6d1cff5cf2,answer,ground_truth/arabic_ocr_000014.txt,020db3f7756f93ae8bd3fcac45c5c20095ca0a1f6e02b92da11802f6ed21df83,922,2026-08-25T20:38:01.500973+00:00,unspecified,input/metadata/arabic_ocr_000014.json,row_9,9,,False,cbe0684cfc878f281be6d6b11c22f41d32842c00,9,9,ahmedheakl/arocrbench_historicalbooks,input/images/arabic_ocr_000014.bin,eaf581e2e5f452133cf79d353f84c3b392d2eb074c8ad0878db285986b226cda,train,original_image,665
arabic_ocr_000015,originals/arabic_ocr_000015.png,3dcf46141a5bb91988fe66cc40d756f5cf273b48310f697d88d84a37f5f8fa75,answer,ground_truth/arabic_ocr_000015.txt,03a0d3f7d2047ca2d4c8e260e1c805e1f28f82d25d920cf293706e8b1952c15a,1199,2026-08-25T20:38:01.500973+00:00,unspecified,input/metadata/arabic_ocr_000015.json,row_0,0,,False,d0e44472833d6de53ff23ca0cb1d36c77a213581,0,0,ahmedheakl/arocrbench_khattparagraph,input/images/arabic_ocr_000015.bin,4d0eec39d6795990134bd80a59e50ef6122e2d302bd08cbf93f00229a2bd6aa4,train,original_image,2411
arabic_ocr_000016,originals/arabic_ocr_000016.png,02fdb2e97d996ca5afe98cb901098d50cf21702fa6177b7781e219db7411b4cf,answer,ground_truth/arabic_ocr_000016.txt,75aa25f5cbafe1f5de1fb62480dbd2e4045a9244f7014d8e69ba9ee6bd24e2f2,859,2026-08-25T20:38:01.500973+00:00,unspecified,input/metadata/arabic_ocr_000016.json,row_17,17,,False,d0e44472833d6de53ff23ca0cb1d36c77a213581,17,17,ahmedheakl/arocrbench_khattparagraph,input/images/arabic_ocr_000016.bin,be30f41bfea6aa3db3f73f892b3c4b2248a8fe698f807794cfeadedeb13d3638,train,original_image,2244
arabic_ocr_000017,originals/arabic_ocr_000017.png,67c8bd0bd51d768a04ef0e18f695e86c6cd990a8666f8ecc714065516582769b,answer,ground_truth/arabic_ocr_000017.txt,953644d78d77521a35b3b2e27bb80b424865774a6705b14e4b15d6dc67327f08,1680,2026-08-25T20:38:01.500973+00:00,unspecified,input/metadata/arabic_ocr_000017.json,row_54,54,,False,d0e44472833d6de53ff23ca0cb1d36c77a213581,54,54,ahmedheakl/arocrbench_khattparagraph,input/images/arabic_ocr_000017.bin,3403806fe59f1ddeca9eddb0daf7ee3304ebd09e0e3f5c456b9fab9db86a7db1,train,original_image,2199
arabic_ocr_000018,originals/arabic_ocr_000018.png,5f36c776e5c68e65ed63eb8dc3b168dbdc30ca47c9d8b13c5a8ceadf8e2fcd4a,answer,ground_truth/arabic_ocr_000018.txt,bedf0e1c6041cecb0989f110a1e8d3f891a09050a9af73521770ee754e15e8d3,1190,2026-08-25T20:38:01.500973+00:00,unspecified,input/metadata/arabic_ocr_000018.json,row_113,113,,False,d0e44472833d6de53ff23ca0cb1d36c77a213581,113,113,ahmedheakl/arocrbench_khattparagraph,input/images/arabic_ocr_000018.bin,26e8e1047362a249236ff50b9cee1affe3bfc874d07bf7634dd4acd4c9c99fb7,train,original_image,2315
arabic_ocr_000019,originals/arabic_ocr_000019.png,641895a4dc902eb43dd1c77ebb7a1ad2a426f42d7e7c73dd2d2d8292f532f20e,texts,ground_truth/arabic_ocr_000019.txt,511a5bf272d66fce45c8e008da719d1a6e7b7e98004644169be27ef3130d373e,1025,2026-08-25T20:38:01.500973+00:00,unspecified,input/metadata/arabic_ocr_000019.json,NASDAQ_FRME_2003.pdf,3,,False,92853b44e9259cbdbbbb3cb84ae9ced036d58c3f,3,3,ahmedheakl/arocrbench_doclaynet,input/images/arabic_ocr_000019.bin,789b9d4b6d961fbb60b9bf89a6ca039f297cb028d89069bf9aa55436c1d307ba,train,original_image,1025
arabic_ocr_000020,originals/arabic_ocr_000020.png,5653606b0ce2935ab09123119d77f02522d59de1170921c6026407d4e1057c02,texts,ground_truth/arabic_ocr_000020.txt,2ebd674449b7bcc5724cf2eb6254cebda3dff37e8e36ec0619d545d66f164d77,1025,2026-08-25T20:38:01.500973+00:00,unspecified,input/metadata/arabic_ocr_000020.json,refman-8.0-en.pdf,47,,False,92853b44e9259cbdbbbb3cb84ae9ced036d58c3f,27,27,ahmedheakl/arocrbench_doclaynet,input/images/arabic_ocr_000020.bin,8e40b8dda9a629d154dcac8cbb88d3fce125f9f3ddf7e9802b40eb108969bf92,train,original_image,1025
arabic_ocr_000021,originals/arabic_ocr_000021.png,28488892d9b7fe8cd3dd9d67145b09105bae96fa0d933300dcd72d89ec6fe4da,texts,ground_truth/arabic_ocr_000021.txt,3fd4eefe12618e94d9ccaf11fe21e9b238dfa1c15bad3765414f45c02ffa8739,1025,2026-08-25T20:38:01.500973+00:00,unspecified,input/metadata/arabic_ocr_000021.json,faa-fs-i-8700-1_rev1.pdf,181,,False,92853b44e9259cbdbbbb3cb84ae9ced036d58c3f,105,105,ahmedheakl/arocrbench_doclaynet,input/images/arabic_ocr_000021.bin,fed9ce71c9ad52bb7218b832cee1fa08221e2013632a44f8e0722b93b1db7af2,train,original_image,1025
arabic_ocr_000022,originals/arabic_ocr_000022.png,3b4340e50b7b3433c5cfe5fecf8cbec015ee580e130b9c1b0f24decb196b015f,texts,ground_truth/arabic_ocr_000022.txt,bef2f74b7af15cdb68f0101d09348f3335caed762418570d61d6b6c5a321f697,1025,2026-08-25T20:38:01.500973+00:00,unspecified,input/metadata/arabic_ocr_000022.json,driver-handbook.pdf,464,,False,92853b44e9259cbdbbbb3cb84ae9ced036d58c3f,268,268,ahmedheakl/arocrbench_doclaynet,input/images/arabic_ocr_000022.bin,cf55645ea9002a4a62de2265b9f5e57051b218438a618349df6566b780ffc3fc,train,original_image,1025
arabic_ocr_000023,originals/arabic_ocr_000023.png,051f7b9709c4196c4fbb38801e76aa9bdad3f1c05a632fa0560362dc976b1f92,data,ground_truth/arabic_ocr_000023.txt,bb941b48ccf31edcbb5770763d0a59032af88d442a738496105a05d8c7c890c4,800,2026-08-25T20:38:01.500973+00:00,unspecified,input/metadata/arabic_ocr_000023.json,row_0,0,,False,1fc7dbf1414f82f04c091087af31d30446bd1867,0,0,ahmedheakl/arocrbench_tables,input/images/arabic_ocr_000023.bin,29fef8e6509b932f303802501d84f3076108b10a0fea61e9eef4aa0f6b9f3a13,train,original_image,1200
arabic_ocr_000024,originals/arabic_ocr_000024.png,2fb2a8a6ea18ce0e833fb6b0202163028927c5090605a2e8a860a853f6646597,data,ground_truth/arabic_ocr_000024.txt,84246a47983df041a5616c4b50cc75a72930cc7c280d35db2660fe3f736b0289,800,2026-08-25T20:38:01.500973+00:00,unspecified,input/metadata/arabic_ocr_000024.json,row_41,44,,False,1fc7dbf1414f82f04c091087af31d30446bd1867,41,41,ahmedheakl/arocrbench_tables,input/images/arabic_ocr_000024.bin,9e13365cb2dc3067534f5fb3d67259e9ce6da37e71d9864370d94b62ee4651f1,train,original_image,1200
arabic_ocr_000025,originals/arabic_ocr_000025.png,5036b5e6a87781e9fbb5b95eb9e675e3a93138263cbebbc34a7cc893113c9c68,data,ground_truth/arabic_ocr_000025.txt,8a6edbbf00471efd39b1a9dccd6bfb8a468cd6ccb17df99e733eb7ea24a61ecc,840,2026-08-25T20:38:01.500973+00:00,unspecified,input/metadata/arabic_ocr_000025.json,row_188,200,,False,1fc7dbf1414f82f04c091087af31d30446bd1867,188,188,ahmedheakl/arocrbench_tables,input/images/arabic_ocr_000025.bin,8f1ab82f6a027e4766f36e924b6b7ce6c64a7b4954cad78f71f097c594814cbf,train,original_image,651
arabic_ocr_000026,originals/arabic_ocr_000026.png,174336c5b029760e7118fc68ad90c1f86d52705af2e96002b90baed7caf58258,data,ground_truth/arabic_ocr_000026.txt,13c1be7dae0b30cdd0da702f74de7e209ad476aa61feac83e393524aace07d12,800,2026-08-25T20:38:01.500973+00:00,unspecified,input/metadata/arabic_ocr_000026.json,row_377,409,,False,1fc7dbf1414f82f04c091087af31d30446bd1867,377,377,ahmedheakl/arocrbench_tables,input/images/arabic_ocr_000026.bin,bdd0c0813fe3645021be93569a29d1ce6148a80ff3ef0189af75b085619985be,train,original_image,1200
arabic_ocr_000027,originals/arabic_ocr_000027.png,d41f564132bde37c78e9cbf0247801d0627cb6326472c38174b2a42e3c629e18,text,ground_truth/arabic_ocr_000027.txt,0321b99506ca9c487c75abb0dde6a3d6e44d525663e48accbb244000378cd53c,1754,2026-08-25T20:38:01.500973+00:00,unspecified,input/metadata/arabic_ocr_000027.json,row_9,9,,False,4e8d71775498cb10b873453910a2819714b46463,9,9,ahmedheakl/arocrbench_historyar,input/images/arabic_ocr_000027.bin,a0090827466a38d19e260849b296423941a40ad1f5e48007839158efeb35dedc,train,rendered_text_page,1240
arabic_ocr_000028,originals/arabic_ocr_000028.png,aa154ff293ebc36cd45ba44295e86b0cead8cb576b4bae19ee6597c82a645e33,text,ground_truth/arabic_ocr_000028.txt,d5afce4db2e4c6b555be6e41edce86b1f96df412e224a34e26f507c3e0dce472,1754,2026-08-25T20:38:01.500973+00:00,unspecified,input/metadata/arabic_ocr_000028.json,row_61,61,,False,4e8d71775498cb10b873453910a2819714b46463,61,61,ahmedheakl/arocrbench_historyar,input/images/arabic_ocr_000028.bin,4af169638df195582bfefb89e10e84a56d9efa8efad41cdbd2d277d3cba9c290,train,rendered_text_page,1240
arabic_ocr_000029,originals/arabic_ocr_000029.png,fd2b127c8d9a4f5708d7b3475d29817beeba9cc97802831b7fad62a060b2fd55,text,ground_truth/arabic_ocr_000029.txt,ad6b3eab72e4dc820057c494c70bcf9f80f9e11036e8767e1c66f3c3ba99d377,1754,2026-08-25T20:38:01.500973+00:00,unspecified,input/metadata/arabic_ocr_000029.json,row_129,129,,False,4e8d71775498cb10b873453910a2819714b46463,129,129,ahmedheakl/arocrbench_historyar,input/images/arabic_ocr_000029.bin,c9229d91576c565a1eee933734082147693163979ea72a6b53e300fdc0b61d8a,train,rendered_text_page,1240
arabic_ocr_000030,originals/arabic_ocr_000030.png,5f5a05e10fc880b7d6a7dd045d00291c266065c589385fa6cc3b32e568fb7b9e,text,ground_truth/arabic_ocr_000030.txt,95a30a88b5d63c9349bf1e7a13e085ed3e7df93a0f8a3e990f91c2f99786c7e9,1754,2026-08-25T20:38:01.500973+00:00,unspecified,input/metadata/arabic_ocr_000030.json,row_193,193,,False,4e8d71775498cb10b873453910a2819714b46463,193,193,ahmedheakl/arocrbench_historyar,input/images/arabic_ocr_000030.bin,5b5ee28f8ad41d9563268cf23bbca05dd78d8f0df6baadb166d02cf0c9e94b33,train,rendered_text_page,1240
arabic_ocr_000031,originals/arabic_ocr_000031.png,ba117c87340d51f5323fad67601f5f0082a5ce2b2968a1f8b8144aa870e27b1e,text,ground_truth/arabic_ocr_000031.txt,2c6c19100385a9e51e38834a34ede9a0e4f147c1f8efb1f0ec762a0aa4c6f3c7,1754,2026-08-25T20:38:01.500973+00:00,cc-by-4.0,input/metadata/arabic_ocr_000031.json,row_0,0,,False,7d26ca7c2041064a7f36f03ecb4c5c1dd1a15e1a,0,0,mohres/The_Arabic_E-Book_Corpus,input/images/arabic_ocr_000031.bin,eb3abba28f92ff1f8eb606258fef12e6c0e3037c2e56ed7136da77c4c74bbb26,train,rendered_text_page,1240
arabic_ocr_000032,originals/arabic_ocr_000032.png,26e3a01ac25e74863c4314168228c7909629623b66f899902af7a7b11538a8df,text,ground_truth/arabic_ocr_000032.txt,ce17841c7f0e0d9ca3dae1263df1fe313910018aa89055c781adb3b36c7fb12d,1754,2026-08-25T20:38:01.500973+00:00,cc-by-4.0,input/metadata/arabic_ocr_000032.json,row_87,87,,False,7d26ca7c2041064a7f36f03ecb4c5c1dd1a15e1a,87,87,mohres/The_Arabic_E-Book_Corpus,input/images/arabic_ocr_000032.bin,1ae002a9f3ac401fe03dd3f0cc017549b24846ea73c34398eb9162a3f2983080,train,rendered_text_page,1240
arabic_ocr_000033,originals/arabic_ocr_000033.png,ed2cb89ace8e2f33e2346d1ea38344a5354da9cb633022b2f43e8a087c1eeb91,text,ground_truth/arabic_ocr_000033.txt,a0dcf48bb25dfb50ec143c76a564735ab991b64c75f32b5da3f316d0b5e1c0f3,1754,2026-08-25T20:38:01.500973+00:00,cc-by-4.0,input/metadata/arabic_ocr_000033.json,row_174,174,,False,7d26ca7c2041064a7f36f03ecb4c5c1dd1a15e1a,174,174,mohres/The_Arabic_E-Book_Corpus,input/images/arabic_ocr_000033.bin,fb21b075b43b8a4242243b479d21436af7ed76e7f375bbe18e952aa77a21182b,train,rendered_text_page,1240
arabic_ocr_000034,originals/arabic_ocr_000034.png,a3b270421b11806d1bb9264c4d2c7f1695b1faab9e6d3543b72f508f07bfed93,text,ground_truth/arabic_ocr_000034.txt,e4126041560b3800c14b2934abb836eec9a06bd882c86f76e77cc8e3743b44bc,1754,2026-08-25T20:38:01.500973+00:00,cc-by-4.0,input/metadata/arabic_ocr_000034.json,row_261,261,,False,7d26ca7c2041064a7f36f03ecb4c5c1dd1a15e1a,261,261,mohres/The_Arabic_E-Book_Corpus,input/images/arabic_ocr_000034.bin,035c1e197fd35918118e86e2b7dd5c3cdedabbb828b90013968c24390f70f2b4,train,rendered_text_page,1240
arabic_ocr_000035,originals/arabic_ocr_000035.png,77faa0140343e7629f462ca4fb1a73fa322212e8da7111ef0c6e2d46fdefc956,text,ground_truth/arabic_ocr_000035.txt,f58c9742ac03adff9dc92771e058785ebc6cc4ec3aa70b0d19f926b1da088355,1754,2026-08-25T20:38:01.500973+00:00,cc-by-4.0,input/metadata/arabic_ocr_000035.json,row_348,348,,False,7d26ca7c2041064a7f36f03ecb4c5c1dd1a15e1a,348,348,mohres/The_Arabic_E-Book_Corpus,input/images/arabic_ocr_000035.bin,9a56a649f5e63d9eea5d6b03069349fcfc3b6ef8803b81f0baa053b31b3731fb,train,rendered_text_page,1240
arabic_ocr_000036,originals/arabic_ocr_000036.png,8511aefb4872f3bdcb1238c9a6debde3d04e30e82e5bd48704e4cde779a9b994,text,ground_truth/arabic_ocr_000036.txt,203ec3d11858cba53ea55aa2035353bf8b6d9020d64d1cd01299dc84e723e13d,1754,2026-08-25T20:38:01.500973+00:00,cc-by-4.0,input/metadata/arabic_ocr_000036.json,row_435,435,,False,7d26ca7c2041064a7f36f03ecb4c5c1dd1a15e1a,435,435,mohres/The_Arabic_E-Book_Corpus,input/images/arabic_ocr_000036.bin,d43e61374c69f1c025fda290155e7c0ce9a6a5327fa81fa272e6ae4748fde9ba,train,rendered_text_page,1240
arabic_ocr_000037,originals/arabic_ocr_000037.png,1a77461fecc8897915ed4de70fca36be08f2163e02e25ab584e7da731d72993a,text,ground_truth/arabic_ocr_000037.txt,d83f614e08b35b09cc5065da57a06466100d9dac05bc1408e5195eedfdb8592a,1754,2026-08-25T20:38:01.500973+00:00,cc-by-4.0,input/metadata/arabic_ocr_000037.json,row_522,522,,False,7d26ca7c2041064a7f36f03ecb4c5c1dd1a15e1a,522,522,mohres/The_Arabic_E-Book_Corpus,input/images/arabic_ocr_000037.bin,fb8cd2cd0a74c8e3f05a0ad37ef1da15cd7868b5c417e3578e2af95d32b2796c,train,rendered_text_page,1240
arabic_ocr_000038,originals/arabic_ocr_000038.png,35294d78164acd07d50da1612bd225682796d1254c7897ac43c385f22df13481,text,ground_truth/arabic_ocr_000038.txt,3887bdf857aa8f37d260a06e3f3fd518e643cdf5c7f6f213a71b05ab22427c6f,1754,2026-08-25T20:38:01.500973+00:00,cc-by-4.0,input/metadata/arabic_ocr_000038.json,row_609,609,,False,7d26ca7c2041064a7f36f03ecb4c5c1dd1a15e1a,609,609,mohres/The_Arabic_E-Book_Corpus,input/images/arabic_ocr_000038.bin,c50fa88793508754ae550339e5715dd3738d5a80251dd4cc9ab6f4cdbe639d6b,train,rendered_text_page,1240
arabic_ocr_000039,originals/arabic_ocr_000039.png,e0c06098aec328860cc06519b559891ab69dd81241cc422804e1d2b616f58bc5,text,ground_truth/arabic_ocr_000039.txt,f1d35f65a7c98e816b1539bb40bf1780c7e6def0d645ee25eb82731256694507,1754,2026-08-25T20:38:01.500973+00:00,cc-by-4.0,input/metadata/arabic_ocr_000039.json,row_696,696,,False,7d26ca7c2041064a7f36f03ecb4c5c1dd1a15e1a,696,696,mohres/The_Arabic_E-Book_Corpus,input/images/arabic_ocr_000039.bin,ebad28dfba2ac5ddd3dbfd5e67efb9b9af7d0dde49e161269bfceb663e6d8933,train,rendered_text_page,1240
arabic_ocr_000040,originals/arabic_ocr_000040.png,a3791e715317a7f49ef9a4acaa21fe30e4fe720a114b86ba4ce9716415d5df21,text,ground_truth/arabic_ocr_000040.txt,7b4186b0aefd78a49500b9e5b6f9d45c55d7913a2d409f6304267a1d89d5815e,1754,2026-08-25T20:38:01.500973+00:00,cc-by-4.0,input/metadata/arabic_ocr_000040.json,row_783,783,,False,7d26ca7c2041064a7f36f03ecb4c5c1dd1a15e1a,783,783,mohres/The_Arabic_E-Book_Corpus,input/images/arabic_ocr_000040.bin,ae35d8cd2cc66c7011e91b74e5806e4d9b7d366c490affebc8fa9bd3f75900bd,train,rendered_text_page,1240
arabic_ocr_000041,originals/arabic_ocr_000041.png,f603581576cd816cb1f29635be7fce92bb97d775ad198422a4369ec40ae4b6b3,text,ground_truth/arabic_ocr_000041.txt,d863afb6626834e89e903702f2070a3c22153946faaedb38f7521453a817ac9f,1754,2026-08-25T20:38:01.500973+00:00,cc-by-4.0,input/metadata/arabic_ocr_000041.json,row_870,870,,False,7d26ca7c2041064a7f36f03ecb4c5c1dd1a15e1a,870,870,mohres/The_Arabic_E-Book_Corpus,input/images/arabic_ocr_000041.bin,d2ca6ca55de0041ee8acb86e4df86102a6deb6040575f84bbd45fb1eb2cdfa00,train,rendered_text_page,1240
arabic_ocr_000042,originals/arabic_ocr_000042.png,24a664fc6b3fca020b1f62be776afce1bedc3446b3feeba6f8e2c88e2c8aa9dd,text,ground_truth/arabic_ocr_000042.txt,2e1d4f5c125e94a7df79455e0e50143b13cc1fc6f7dc96196d7f65e4d9835c9a,1754,2026-08-25T20:38:01.500973+00:00,cc-by-4.0,input/metadata/arabic_ocr_000042.json,row_957,957,,False,7d26ca7c2041064a7f36f03ecb4c5c1dd1a15e1a,957,957,mohres/The_Arabic_E-Book_Corpus,input/images/arabic_ocr_000042.bin,880b517a101ea1410163871cf379cb5bd7033e04fbc8aca0b48f21225a88d8b8,train,rendered_text_page,1240
arabic_ocr_000043,originals/arabic_ocr_000043.png,7b29907bbb113e2df024d9dc0992217c5307edec213de9e952e75786b39a6995,text,ground_truth/arabic_ocr_000043.txt,7c362f59c42e203e7605240c572ff54409a80dcaa7b1d697b14b0ea06f2ea685,1754,2026-08-25T20:38:01.500973+00:00,cc-by-4.0,input/metadata/arabic_ocr_000043.json,row_1044,1044,,False,7d26ca7c2041064a7f36f03ecb4c5c1dd1a15e1a,1044,1044,mohres/The_Arabic_E-Book_Corpus,input/images/arabic_ocr_000043.bin,b282d2d2299a9a00d5ba5ca548fafdf4e06b8e014bf732eaf54b7182c70339ec,train,rendered_text_page,1240
arabic_ocr_000044,originals/arabic_ocr_000044.png,c652c2e48153ab0a3e2231152c01995839e15269e67432fcca0c63c87ad06ce5,text,ground_truth/arabic_ocr_000044.txt,ccabb760124a6c6fad3be3412d5a3dd21c6e8e55fe3e664f1f94dbd2e9c30299,1754,2026-08-25T20:38:01.500973+00:00,cc-by-4.0,input/metadata/arabic_ocr_000044.json,row_1131,1131,,False,7d26ca7c2041064a7f36f03ecb4c5c1dd1a15e1a,1131,1131,mohres/The_Arabic_E-Book_Corpus,input/images/arabic_ocr_000044.bin,1574d467952395a6863b7ee678eaf5f8c21e654f7a13a6414269646686097e06,train,rendered_text_page,1240
arabic_ocr_000045,originals/arabic_ocr_000045.png,3d65800d138deed0e59505e9e016823ca1231c408b29a66dcc1898cd2d8cf7ed,text,ground_truth/arabic_ocr_000045.txt,18746fca32511792ce764de83e8fe40204d93b01c530a9da19fe6c58ad0d3feb,1754,2026-08-25T20:38:01.500973+00:00,cc-by-4.0,input/metadata/arabic_ocr_000045.json,row_1218,1218,,False,7d26ca7c2041064a7f36f03ecb4c5c1dd1a15e1a,1218,1218,mohres/The_Arabic_E-Book_Corpus,input/images/arabic_ocr_000045.bin,1b88d843f40dc96487bfe9fd595c7ddacf384db193365838119124e61d9eaaaf,train,rendered_text_page,1240
arabic_ocr_000046,originals/arabic_ocr_000046.png,31046ddc5bde933d8c7da425abac73437c47b87c139b5ab6378515e0d272f9ed,text,ground_truth/arabic_ocr_000046.txt,b62df0388dc9197b3b3641a8490b2ea533b9a84cd4faa8bc3b9d9a6cae996ba0,1754,2026-08-25T20:38:01.500973+00:00,cc-by-4.0,input/metadata/arabic_ocr_000046.json,row_1305,1305,,False,7d26ca7c2041064a7f36f03ecb4c5c1dd1a15e1a,1305,1305,mohres/The_Arabic_E-Book_Corpus,input/images/arabic_ocr_000046.bin,067ce2e17b19ced24e70b6d65c6823dab1b4ce6e18539330dc4bf8e7dfe3ba5d,train,rendered_text_page,1240
arabic_ocr_000047,originals/arabic_ocr_000047.png,a425e68615e9604298afd711775fb75a6ecb78270a62860a61df256016f56cde,text,ground_truth/arabic_ocr_000047.txt,75a1a9b7a8df8e95a34238ac7125fb63393d9b8144505ae72ed9d65dfc113e8d,1754,2026-08-25T20:38:01.500973+00:00,cc-by-4.0,input/metadata/arabic_ocr_000047.json,row_1392,1392,,False,7d26ca7c2041064a7f36f03ecb4c5c1dd1a15e1a,1392,1392,mohres/The_Arabic_E-Book_Corpus,input/images/arabic_ocr_000047.bin,0c9cc38bee7a245556e5a413bbe279c04e7137da4c199607466c2ee1a2b76ff8,train,rendered_text_page,1240
arabic_ocr_000048,originals/arabic_ocr_000048.png,d40d90d6bab767c8f653ddf9d37a7abb17c99f495fe800f5326c2ebcb48e56fc,text,ground_truth/arabic_ocr_000048.txt,020993a1043d07c32c996c09850c6e07262bf6cfcd3b18eff32eec67288346e1,1754,2026-08-25T20:38:01.500973+00:00,cc-by-4.0,input/metadata/arabic_ocr_000048.json,row_1479,1479,,False,7d26ca7c2041064a7f36f03ecb4c5c1dd1a15e1a,1479,1479,mohres/The_Arabic_E-Book_Corpus,input/images/arabic_ocr_000048.bin,dbc173c8127e3c53bbfb26fd6b85ca512209b1af6b1e4c33b037af47c447d86e,train,rendered_text_page,1240
arabic_ocr_000049,originals/arabic_ocr_000049.png,a41c07a9f7c58d166b24ee9dafec6913dc0319ad7b509b1d79d11a32bb2bd08e,text,ground_truth/arabic_ocr_000049.txt,564d88283b6ea5616b7466ae9c0d89ad175123dd146660d9d45f155417f1fcc1,1754,2026-08-25T20:38:01.500973+00:00,cc-by-4.0,input/metadata/arabic_ocr_000049.json,row_1566,1566,,False,7d26ca7c2041064a7f36f03ecb4c5c1dd1a15e1a,1566,1566,mohres/The_Arabic_E-Book_Corpus,input/images/arabic_ocr_000049.bin,104df62e7feb6cf4cac712879aa6bc220d0d34b5abb86337506e045fb3acab10,train,rendered_text_page,1240
arabic_ocr_000050,originals/arabic_ocr_000050.png,a2c70068c9fbd1e025979462d9718da6e1653c452a4549cdb7c59cde05cbd59e,text,ground_truth/arabic_ocr_000050.txt,91ccca350b89aa4a2b8c860fce22d6fa2c1aebb44f8f9bfb74e912bcb47b544f,1754,2026-08-25T20:38:01.500973+00:00,cc-by-4.0,input/metadata/arabic_ocr_000050.json,row_1653,1653,,False,7d26ca7c2041064a7f36f03ecb4c5c1dd1a15e1a,1653,1653,mohres/The_Arabic_E-Book_Corpus,input/images/arabic_ocr_000050.bin,8f17121024efc6f962b76404a4ed3b8d75ad4f6f53d1acf39ba2d021c363a49b,train,rendered_text_page,1240
arabic_ocr_000051,originals/arabic_ocr_000051.png,9aae7e57c6b567ca8cde4481f27ecbb1b1d7b579193fd77690b5d839049b2473,transcription,ground_truth/arabic_ocr_000051.txt,4ced79ce1de6661a658fc6d1981858683c67c5efd91573106da54c3f8dfc0e08,46,2026-08-25T20:38:01.500973+00:00,apache-2.0,input/metadata/arabic_ocr_000051.json,0258,0258,,False,8ccf8adb3dec69f0eb5a54eede92fc0ce465509b,0,0,calfa-ai/tarima,input/images/arabic_ocr_000051.bin,6bd4ea1b15d6a4d01d97c88c8031c1d4997baf5cf49f05e1f9cb8b6f878a3f64,train,original_image,302
arabic_ocr_000052,originals/arabic_ocr_000052.png,241c8da51e8300f15e280945115da40ac7ce3ee421aa9493068ffe6b86c0855e,transcription,ground_truth/arabic_ocr_000052.txt,2a1d49454c0b52892a0bce2a7339f047be3ba6f0bee2c5c4629bd5108f98771b,119,2026-08-25T20:38:01.500973+00:00,apache-2.0,input/metadata/arabic_ocr_000052.json,94,94,,False,8ccf8adb3dec69f0eb5a54eede92fc0ce465509b,143,143,calfa-ai/tarima,input/images/arabic_ocr_000052.bin,d48ccbe7df5ce2d524e13455887ea7ae533b2616a4583616f34bef9a7a782f93,train,original_image,540
arabic_ocr_000053,originals/arabic_ocr_000053.png,f521f87432de8c8e769cb271945fabb08ad662c77dc088750a3f5a2231ba65ef,transcription,ground_truth/arabic_ocr_000053.txt,0ab07df101cec47e7252f7e284226ba012e90fe3fbf19a8e6b51783f27231f74,50,2026-08-25T20:38:01.500973+00:00,apache-2.0,input/metadata/arabic_ocr_000053.json,0006,0006,,False,8ccf8adb3dec69f0eb5a54eede92fc0ce465509b,287,287,calfa-ai/tarima,input/images/arabic_ocr_000053.bin,ec9c2b3b835af94ebe4924328ce46f14737dd25cf303725b63e954363dfc52e4,train,original_image,523
arabic_ocr_000054,originals/arabic_ocr_000054.png,0e8ba830ecd576431f51b453598cf179f381fdcaf247f9a31d22b0534fe3820c,transcription,ground_truth/arabic_ocr_000054.txt,1431b915797ef2399b42e1c02ef9979707c16761b4ff244500093ce61ed07082,108,2026-08-25T20:38:01.500973+00:00,apache-2.0,input/metadata/arabic_ocr_000054.json,000021,000021,,False,8ccf8adb3dec69f0eb5a54eede92fc0ce465509b,512,512,calfa-ai/tarima,input/images/arabic_ocr_000054.bin,e69d0b196622df4908ae04f8cd833105e0686bda449cc6c10499d4046a495947,train,original_image,1903
arabic_ocr_000055,originals/arabic_ocr_000055.png,3bf74a6c835f2f9332deb51e6abf0e92189bfe3a6d548bc5b5288944bfb87a3d,transcription,ground_truth/arabic_ocr_000055.txt,83058dc170d295334f31e1b0aeeb020d33d8eba795338bf4f64b0cb5f340f49f,134,2026-08-25T20:38:01.500973+00:00,apache-2.0,input/metadata/arabic_ocr_000055.json,000289,000289,,False,8ccf8adb3dec69f0eb5a54eede92fc0ce465509b,804,804,calfa-ai/tarima,input/images/arabic_ocr_000055.bin,64e60e9762fc7d4c90f2d8926a598f9a9f8bef116a152e542ae6a80f3e06786b,train,original_image,1524
arabic_ocr_000056,originals/arabic_ocr_000056.png,ba4b392941374454bf139dc767c9614a992c331f2b6d56a5da015ac9975542fd,transcription,ground_truth/arabic_ocr_000056.txt,c9dcba9fa8d638a90c251123f40a08e112210a9c09799d6b233f6ab1b15a2209,173,2026-08-25T20:38:01.500973+00:00,apache-2.0,input/metadata/arabic_ocr_000056.json,000337,000337,,False,8ccf8adb3dec69f0eb5a54eede92fc0ce465509b,1091,1091,calfa-ai/tarima,input/images/arabic_ocr_000056.bin,c1865c864bcb76c53742c541bda44d0842085bf796994225f635ca2a4937f138,train,original_image,1520
arabic_ocr_000057,originals/arabic_ocr_000057.png,43050027cfa4b3b28d1e5435ddc8e5c8ad6c6eb6a355353b045d1dd3b36d8509,transcription,ground_truth/arabic_ocr_000057.txt,715ef3e63da8e570e1b43f3c49ef4d66f2e7330f9ca00a341a2c68e160992801,186,2026-08-25T20:38:01.500973+00:00,apache-2.0,input/metadata/arabic_ocr_000057.json,38,38,,False,8ccf8adb3dec69f0eb5a54eede92fc0ce465509b,1450,1450,calfa-ai/tarima,input/images/arabic_ocr_000057.bin,1f58003bcd231206b0a506866d169ee212aa3d5fa5b7f8a41d682c87e333fc9b,train,original_image,1346
arabic_ocr_000058,originals/arabic_ocr_000058.png,f7eee34abd47d15ac0ba3dbe1e2676f93ce1b1370af6161b69cbb9bece9e8f6b,transcription,ground_truth/arabic_ocr_000058.txt,3a9bcf46b1ce195a6350d14774c0a013206b9f7037dc2d797df22f7422ab846b,241,2026-08-25T20:38:01.500973+00:00,apache-2.0,input/metadata/arabic_ocr_000058.json,122,122,,False,8ccf8adb3dec69f0eb5a54eede92fc0ce465509b,1800,1800,calfa-ai/tarima,input/images/arabic_ocr_000058.bin,b437b000c54d1a0c6ecd10e70142b0f881770fd7f7257444d6f506fe7b8af53d,train,original_image,2684
arabic_ocr_000059,originals/arabic_ocr_000059.png,c60f5039bc2e0d7a3fe09bf44f1a4253eb9bdbd46c797c83cd70b0e64320e1e1,transcription,ground_truth/arabic_ocr_000059.txt,cc00f6950367aa8643321bd8cc9dda6444e90be148417635dc1325c8714686d9,308,2026-08-25T20:38:01.500973+00:00,apache-2.0,input/metadata/arabic_ocr_000059.json,0029,0029,,False,0dd7531ae68fb0bfc5cb7b189955cb3002a1ec95,0,0,calfa-ai/RASAM-1,input/images/arabic_ocr_000059.bin,9f918b79d993be2de9c58a33a91a007b54ad1bba64892a708e4344ae40c45ff4,train,original_image,2035
arabic_ocr_000060,originals/arabic_ocr_000060.png,2ac686daf84fa6bda4b091c61473fc13b4cb2bbe5038862242ec49639bdaa25c,transcription,ground_truth/arabic_ocr_000060.txt,230bf594b9f0895e8a1d6c0af7bc581d2cfc4b4dde02705d8286722cca2795f8,63,2026-08-25T20:38:01.500973+00:00,apache-2.0,input/metadata/arabic_ocr_000060.json,0186,0186,,False,0dd7531ae68fb0bfc5cb7b189955cb3002a1ec95,211,211,calfa-ai/RASAM-1,input/images/arabic_ocr_000060.bin,aa4d1dcc491a61510c280cb54544fc3b4bd4e7602614d0638d966c6deee88996,train,original_image,636
arabic_ocr_000061,originals/arabic_ocr_000061.png,69df63c1656f532609ba9cec9c910edb7308cde27e5610691393ca3a375bc861,transcription,ground_truth/arabic_ocr_000061.txt,a7e4b09309bf3d395528d3520b0d5e288fff33e0a5b2df6b23976a438b9488cd,59,2026-08-25T20:38:01.500973+00:00,apache-2.0,input/metadata/arabic_ocr_000061.json,0056,0056,,False,0dd7531ae68fb0bfc5cb7b189955cb3002a1ec95,522,522,calfa-ai/RASAM-1,input/images/arabic_ocr_000061.bin,1bd15763bb45f31cc8508a68a2609d9184a9198efbdfe17fbee9517186d975e0,train,original_image,654
arabic_ocr_000062,originals/arabic_ocr_000062.png,7dc7448083d3446279fbbd2441696d287c8380264eecc3fc211aa249397eb51f,transcription,ground_truth/arabic_ocr_000062.txt,f31417e9ecdc5ea5bff649fac6acfceafb2e3bc1455a5df2835b49c83f4702e8,22,2026-08-25T20:38:01.500973+00:00,apache-2.0,input/metadata/arabic_ocr_000062.json,0030,0030,,False,0dd7531ae68fb0bfc5cb7b189955cb3002a1ec95,911,911,calfa-ai/RASAM-1,input/images/arabic_ocr_000062.bin,5332dd596252b4558784fa34d5c0d77fc9ee76339ee462c6039f8e2c1855435b,train,original_image,49
arabic_ocr_000063,originals/arabic_ocr_000063.png,91a771f725a9203ef504a24872de1912e1b7d9b66589398e3d341c722d0abe50,transcription,ground_truth/arabic_ocr_000063.txt,650b639ee582d628f839b89d37705b8b0d90a970ae81d97cd97268a7011f95ea,354,2026-08-25T20:38:01.500973+00:00,apache-2.0,input/metadata/arabic_ocr_000063.json,00025,00025,,False,0dd7531ae68fb0bfc5cb7b189955cb3002a1ec95,1300,1300,calfa-ai/RASAM-1,input/images/arabic_ocr_000063.bin,691de258de387d7a7787db7c609624b554e8c3170444eafec3ac8cf835b75133,train,original_image,1624
arabic_ocr_000064,originals/arabic_ocr_000064.png,b2a6cdeee7492fd0ef31f210f7d5b688eafa185006c7a6de4a9e820f00e89ea8,transcription,ground_truth/arabic_ocr_000064.txt,7f01893cc5371fc825001cb3099730d86a23dddd0985c3ffac65c8ff9694f01f,59,2026-08-25T20:38:01.500973+00:00,apache-2.0,input/metadata/arabic_ocr_000064.json,0031,0031,,False,0dd7531ae68fb0bfc5cb7b189955cb3002a1ec95,1700,1700,calfa-ai/RASAM-1,input/images/arabic_ocr_000064.bin,3b85be88ee30e7d5203a614f806723e8758b5dd3d300df36af431e73c4f9342f,train,original_image,659
arabic_ocr_000065,originals/arabic_ocr_000065.png,7dbeecac488efc0903cb3bea1eab296b9f72044e6c3d65523bd8de5853a63851,transcription,ground_truth/arabic_ocr_000065.txt,47da0af568462a876c0386437478d6d05c2dd134baa59ad5f10f7f48b91daab6,130,2026-08-25T20:38:01.500973+00:00,apache-2.0,input/metadata/arabic_ocr_000065.json,181992,181992,,False,dd04242a1f18e519df0944d19ae2d868e404d6e5,0,0,calfa-ai/RASAM-2,input/images/arabic_ocr_000065.bin,a29529fe2c2ccc26d7d6d37622a9ba5df1858fb93e590e59b6b74382a928428d,train,original_image,2094
arabic_ocr_000066,originals/arabic_ocr_000066.png,3d4349f3d2fb258c4ad00249c28a0b89b72293e246a90556bf28e39b28165a47,transcription,ground_truth/arabic_ocr_000066.txt,7f3a397917cc033daf9c6cb4950fe3cdbbaf675b03e59facfa27b37ae51657b6,124,2026-08-25T20:38:01.500973+00:00,apache-2.0,input/metadata/arabic_ocr_000066.json,178749,178749,,False,dd04242a1f18e519df0944d19ae2d868e404d6e5,173,173,calfa-ai/RASAM-2,input/images/arabic_ocr_000066.bin,da4a69d48d3e913e1e5d6f55bf691e13053c3975dacb141cc28ecbc36b7db226,train,original_image,1138
arabic_ocr_000067,originals/arabic_ocr_000067.png,b90b82b4f9e8bea1b930889769d5303a9abbc6bf9fd0cd14e3ff386671ffcaf9,transcription,ground_truth/arabic_ocr_000067.txt,1edfd7951c002f17e1f03b6978973cc0bc39346eadd42bccdc18ba7bb5e67f4b,70,2026-08-25T20:38:01.500973+00:00,apache-2.0,input/metadata/arabic_ocr_000067.json,180494,180494,,False,dd04242a1f18e519df0944d19ae2d868e404d6e5,512,512,calfa-ai/RASAM-2,input/images/arabic_ocr_000067.bin,f8aabb0571055bbacf4dd9d0eb5d7f4ab4c569fd031e624b81de6fe8dcf7b7cf,train,original_image,1407
arabic_ocr_000068,originals/arabic_ocr_000068.png,2af765f3f1c69ac4c96d91c663080a60c4ed33ab236789e149329629d71687b0,transcription,ground_truth/arabic_ocr_000068.txt,14f68f64b2a4f1ba0a1828b2d01559c645fc0fe2d1c8ecbb9a9691e1312f4038,351,2026-08-25T20:38:01.500973+00:00,apache-2.0,input/metadata/arabic_ocr_000068.json,178645,178645,,False,dd04242a1f18e519df0944d19ae2d868e404d6e5,899,899,calfa-ai/RASAM-2,input/images/arabic_ocr_000068.bin,e91b14a05e9ba125a763193da0324ea2d2f8eb2b9a01cebf12f7040652ab73f0,train,original_image,377
arabic_ocr_000069,originals/arabic_ocr_000069.png,fc0f57ea6d0946a6cabefeeb501e88e3e7132039544b95c409e61e37eeaa278a,transcription,ground_truth/arabic_ocr_000069.txt,ba67de2bb7e784ec1900c5292e06cb0d38ac37255e9e8682731f0ed4925f6fe6,111,2026-08-25T20:38:01.500973+00:00,apache-2.0,input/metadata/arabic_ocr_000069.json,49803,49803,,False,dd04242a1f18e519df0944d19ae2d868e404d6e5,1550,1550,calfa-ai/RASAM-2,input/images/arabic_ocr_000069.bin,45060dbe212558c14ae3826b5e155690e24097dbfb0e2113f867d534fa41ddb4,train,original_image,1420
arabic_ocr_000070,originals/arabic_ocr_000070.png,8596c076e8172ce83cfc8ca546f6fae9c6d6390ee5daead982b8943324ce8cae,transcription,ground_truth/arabic_ocr_000070.txt,27a2c751ddf847da19460c3b54831213b05cb95b059dd28fde9631dba7a9d75f,77,2026-08-25T20:38:01.500973+00:00,apache-2.0,input/metadata/arabic_ocr_000070.json,0314,0314,,False,dd04242a1f18e519df0944d19ae2d868e404d6e5,2700,2700,calfa-ai/RASAM-2,input/images/arabic_ocr_000070.bin,c8813ba739dc057d1f8e308bcf785ea5995e50c06e6dd6b50f85ef27b8d473ae,train,original_image,524
arabic_ocr_000071,originals/arabic_ocr_000071.png,aee0c404c5ee088adcddc147114c648ac8e5ecea09203377c06e103e19f59d04,transcription,ground_truth/arabic_ocr_000071.txt,ec4049c303e1e2e493f3dae15a35763502f3e390a571405f7064bdf35fe89fc6,285,2026-08-25T20:38:01.500973+00:00,etalab-2.0,input/metadata/arabic_ocr_000071.json,l019-089,l019-089,,False,ce04cd0779386abf25ee24faf84518df33ed41b3,0,0,calfa-ai/baybars,input/images/arabic_ocr_000071.bin,1a5607a447ad0643a3d458f17487e4a4a44a60acd668324e65bf70fc773dc409,train,original_image,1111
arabic_ocr_000072,originals/arabic_ocr_000072.png,9cde5f83221d695d66e3cf652a8122caaea8739b75a7a67e88deff4bb9599a15,transcription,ground_truth/arabic_ocr_000072.txt,000d7a6c4001a0c16a1783333af6d0e7bd1be57785ebecb3de4ec44a47eaa0cc,127,2026-08-25T20:38:01.500973+00:00,etalab-2.0,input/metadata/arabic_ocr_000072.json,l099-009,l099-009,,False,ce04cd0779386abf25ee24faf84518df33ed41b3,311,311,calfa-ai/baybars,input/images/arabic_ocr_000072.bin,15b77797feac87310fc49621f2bc5b5f7028685769d21b355bf02b936bcee4d1,train,original_image,1124
arabic_ocr_000073,originals/arabic_ocr_000073.png,55cfa042816b53399d6721dd1633b96a3ca9a340d06a20300b8d746f62a7ffb6,transcription,ground_truth/arabic_ocr_000073.txt,b7d792bab418b493792832fca5c46b12ef676a63d0923f10c8c0cb27803c628d,101,2026-08-25T20:38:01.500973+00:00,etalab-2.0,input/metadata/arabic_ocr_000073.json,l110-007,l110-007,,False,ce04cd0779386abf25ee24faf84518df33ed41b3,742,742,calfa-ai/baybars,input/images/arabic_ocr_000073.bin,a484de25b457dd92684252ce5fcf202e120e7b3834ab7fa0e6abdf027e6631ad,train,original_image,853
arabic_ocr_000074,originals/arabic_ocr_000074.png,1b88d267c49a356f46a708ceedf1b27cbc61e8482f351b333ceaf30ebbab3734,transcription,ground_truth/arabic_ocr_000074.txt,dd2ddea9e74995e6971cf24484c214beb6ba37bf9e3364ea9ee2447195bb7c27,93,2026-08-25T20:38:01.500973+00:00,etalab-2.0,input/metadata/arabic_ocr_000074.json,l145b-019,l145b-019,,False,ce04cd0779386abf25ee24faf84518df33ed41b3,1800,1800,calfa-ai/baybars,input/images/arabic_ocr_000074.bin,cdf5e8596984326d53a1badce36630efdd59de82e16166b21e2c388674946fd4,train,original_image,953
arabic_ocr_000075,originals/arabic_ocr_000075.png,8337bb9110bff76d04814cb8eca195eef915e54b5613f2143686c57aed8aa8d7,transcription,ground_truth/arabic_ocr_000075.txt,c3b0ed1d01c3cc07ac0c6387c53565ea866a2b48ed7482d5781866141a04f133,74,2026-08-25T20:38:01.500973+00:00,etalab-2.0,input/metadata/arabic_ocr_000075.json,l056-023,l056-023,,False,ce04cd0779386abf25ee24faf84518df33ed41b3,5000,5000,calfa-ai/baybars,input/images/arabic_ocr_000075.bin,20b06c8338cf529033274012f5545f102e0a8bf96e39bbdd74d036829e8cffc1,train,original_image,858
arabic_ocr_000076,originals/arabic_ocr_000076.png,a07e6e910da85bb929a820542c7b0b0d4c79dfbb08d6e375bfc31f7e7afb2fd3,transcription,ground_truth/arabic_ocr_000076.txt,35567386283a28e45a8b8876bc5e8f4b38d0f24db80edc130b3853c90de739ea,134,2026-08-25T20:38:01.500973+00:00,etalab-2.0,input/metadata/arabic_ocr_000076.json,79,79,,False,8cd27a8a823b4bf7d5f119a3f94ec798fc792ab0,0,0,calfa-ai/iskandar,input/images/arabic_ocr_000076.bin,993a44abe751bec07bd3dfc1c9c9fa7aaffcdbc65b130fbf857bb544fb87cfdd,train,original_image,1490
arabic_ocr_000077,originals/arabic_ocr_000077.png,c8e4cd5475194e69e6014ea3205b571920c4ae292e7657828e5d6a9123c6d75f,transcription,ground_truth/arabic_ocr_000077.txt,0facd721f7d7e6c6262e085d064ab169b02a1eaa5ed9d11f19abaeb96732c187,128,2026-08-25T20:38:01.500973+00:00,etalab-2.0,input/metadata/arabic_ocr_000077.json,036,036,,False,8cd27a8a823b4bf7d5f119a3f94ec798fc792ab0,201,201,calfa-ai/iskandar,input/images/arabic_ocr_000077.bin,d6d5c51208ea8de91e8e99845b9003ab845a92d9e33f341b3af0c790f5540829,train,original_image,1004
arabic_ocr_000078,originals/arabic_ocr_000078.png,421e99ab2cb8f74ab6dc5ab951c19f5db109bff13f33bb1dc991ca6b9ef72894,transcription,ground_truth/arabic_ocr_000078.txt,5f6c7e5ce4d8cef4cb0cfa7659d9ee3e74028e2da3ca5558d098fddf2537c970,112,2026-08-25T20:38:01.500973+00:00,etalab-2.0,input/metadata/arabic_ocr_000078.json,026,026,,False,8cd27a8a823b4bf7d5f119a3f94ec798fc792ab0,777,777,calfa-ai/iskandar,input/images/arabic_ocr_000078.bin,525227392609f9c11f96ce424ad1f5be506c90176da7a7cf5d5d276984ac08ac,train,original_image,1179
arabic_ocr_000079,originals/arabic_ocr_000079.png,b563a8b05c331717d99c0426c47eda644fac43e730d35ce49433238abc8d7297,transcription,ground_truth/arabic_ocr_000079.txt,129755b815b67bcf2c471902bac577963e5efb31c6eee2db1d7c9555925b41c5,139,2026-08-25T20:38:01.500973+00:00,etalab-2.0,input/metadata/arabic_ocr_000079.json,166,166,,False,8cd27a8a823b4bf7d5f119a3f94ec798fc792ab0,1600,1600,calfa-ai/iskandar,input/images/arabic_ocr_000079.bin,75844c98e0424f31335e112292e9df5fcd3147ffbc4485241e3d3aed915f0ebc,train,original_image,1647
arabic_ocr_000080,originals/arabic_ocr_000080.png,a0948ceaa8529d9946f286f76bb3f0ca37318214b0f50d3084d0ff349f43c66b,transcription,ground_truth/arabic_ocr_000080.txt,aef23f3ab9be379de233c38afc5041b797814e82f2ce47954dc8260efc547d23,105,2026-08-25T20:38:01.500973+00:00,etalab-2.0,input/metadata/arabic_ocr_000080.json,179,179,,False,8cd27a8a823b4bf7d5f119a3f94ec798fc792ab0,4000,4000,calfa-ai/iskandar,input/images/arabic_ocr_000080.bin,cde4237d13ad6d726983776c5b9286a183611636d67d0a1332a5b35d4d7f559b,train,original_image,958
arabic_ocr_000081,originals/arabic_ocr_000081.png,d692a26930d6af7aa82724f67ce0512ba091669e88fa91633ce269c475f3acf4,markdown,ground_truth/arabic_ocr_000081.txt,fa553d1e39b806bb0567bf549ca681f578b7ffb1b6d73dd0711b6c37e83ff010,1867,2026-08-25T20:38:01.500973+00:00,gpl-3.0,input/metadata/arabic_ocr_000081.json,row_0,0,,False,b259f4e285483107f1585960cfd62e17bdc6c712,0,0,MohamedRashad/arabic-img2md,input/images/arabic_ocr_000081.bin,4546c6dfcd8f2f06c1f6d90630891e8498b169518c9f9c9d97ab35858bebd596,train,original_image,1400
arabic_ocr_000082,originals/arabic_ocr_000082.png,6c09de07c7393ab66f4b90f17dd74142ad659d08f97a8c7aee0b82ebfedbdd8d,markdown,ground_truth/arabic_ocr_000082.txt,4a9dbbe1b43ca3eff9e81ca1eeddf89627d2a7865a8b1de378b7ba4a4d6a6d83,1650,2026-08-25T20:38:01.500973+00:00,gpl-3.0,input/metadata/arabic_ocr_000082.json,row_37,37,,False,b259f4e285483107f1585960cfd62e17bdc6c712,37,37,MohamedRashad/arabic-img2md,input/images/arabic_ocr_000082.bin,1c146cb054a96349f5d6e6111a9983b4fc65f3180a40681326a0419e98883d88,train,original_image,1275
arabic_ocr_000083,originals/arabic_ocr_000083.png,b93c2eff8dc675b57120270799cf54bb1e43a304373a775f188299ae85f1837b,markdown,ground_truth/arabic_ocr_000083.txt,360b68d609aae9f2b3cccba5851b675a1d8b074dbedf934b444a49e603931fb2,1755,2026-08-25T20:38:01.500973+00:00,gpl-3.0,input/metadata/arabic_ocr_000083.json,row_411,411,,False,b259f4e285483107f1585960cfd62e17bdc6c712,411,411,MohamedRashad/arabic-img2md,input/images/arabic_ocr_000083.bin,856465fab0987808b5e98d52689fa858ccf4c659c6ce22801b240bd33490bcd0,train,original_image,1240
arabic_ocr_000084,originals/arabic_ocr_000084.png,e713b07c4a439df3ea4531d8aff110c67983228685b094b9c0592afe9c11b2fb,markdown,ground_truth/arabic_ocr_000084.txt,5823b7f603355c83c969ceaade8c0dede0216d9454095fe799408cf8cc768036,1400,2026-08-25T20:38:01.500973+00:00,gpl-3.0,input/metadata/arabic_ocr_000084.json,row_907,907,,False,b259f4e285483107f1585960cfd62e17bdc6c712,907,907,MohamedRashad/arabic-img2md,input/images/arabic_ocr_000084.bin,7ea9247ccd9fa71b3d3dbe30ec556b3f2ca3ce4945691b784c5692de0308c570,train,original_image,1867
arabic_ocr_000085,originals/arabic_ocr_000085.png,2f6c6bafb8da0c00f1210f04a096e77f5811bf4f2eaef70f4a94b1e6b25fa548,markdown,ground_truth/arabic_ocr_000085.txt,f4b4b5d4f9f1dc09f89470fc0383c18d3be0e222b110e249298a5ba359491dfe,1867,2026-08-25T20:38:01.500973+00:00,gpl-3.0,input/metadata/arabic_ocr_000085.json,row_1500,1500,,False,b259f4e285483107f1585960cfd62e17bdc6c712,1500,1500,MohamedRashad/arabic-img2md,input/images/arabic_ocr_000085.bin,62bc0394dd79f3a4e91fc9777f338c013414523ebe872c9026a8bfed8ae769fc,train,original_image,1400
arabic_ocr_000086,originals/arabic_ocr_000086.png,3120942addfc84331f4af59e83ea6fd539c979386b16b7f07308080219420769,markdown,ground_truth/arabic_ocr_000086.txt,7b33641a168d5e288025c34dd9a558d262be25aea887f369f2bede14b7998eb0,1650,2026-08-25T20:38:01.500973+00:00,gpl-3.0,input/metadata/arabic_ocr_000086.json,row_2333,2333,,False,b259f4e285483107f1585960cfd62e17bdc6c712,2333,2333,MohamedRashad/arabic-img2md,input/images/arabic_ocr_000086.bin,f5daac7ad8318953b59dc369418d34f7595f763b07d1de5f66749f8798d30405,train,original_image,1275
arabic_ocr_000087,originals/arabic_ocr_000087.png,56d5b11dd43cba383f43c5bee85d3816e1ab9ce26b8ec66ec6d85b9e99e2dfb7,markdown,ground_truth/arabic_ocr_000087.txt,3a0b3ae24c86c15cd5791f59ce85f8b616deb6fa9f65fa59712ce00d6b5fabdb,1867,2026-08-25T20:38:01.500973+00:00,gpl-3.0,input/metadata/arabic_ocr_000087.json,row_3500,3500,,False,b259f4e285483107f1585960cfd62e17bdc6c712,3500,3500,MohamedRashad/arabic-img2md,input/images/arabic_ocr_000087.bin,f7cd5d0dba64db36838b8cc6bf0560521de59b7c7250acc15d95898e1e3ac004,train,original_image,1400
arabic_ocr_000088,originals/arabic_ocr_000088.png,54c1c426b44f8dad2224be2bcc2112b9a7707c59f569e0c96b007c6faa8d7d97,markdown,ground_truth/arabic_ocr_000088.txt,147fcd39b6e3fab00665e7cb2121247647a0f6733fbcd9a0d103f293cde8a98b,1650,2026-08-25T20:38:01.500973+00:00,gpl-3.0,input/metadata/arabic_ocr_000088.json,row_4721,4721,,False,b259f4e285483107f1585960cfd62e17bdc6c712,4721,4721,MohamedRashad/arabic-img2md,input/images/arabic_ocr_000088.bin,d5831fc6a6feced6ec081dbc8d84cd63311830e86b289e6bd16630b2caa4a0a6,train,original_image,1275
arabic_ocr_000089,originals/arabic_ocr_000089.png,f566d9e7ec330ac869af2f1c522898893f20a01aebb361abe7fc38ce4dfa03da,markdown,ground_truth/arabic_ocr_000089.txt,24f9db4d19edc385d2895c7b43119708b95216ee517f53282d5e5ca62680784a,1755,2026-08-25T20:38:01.500973+00:00,gpl-3.0,input/metadata/arabic_ocr_000089.json,row_5900,5900,,False,b259f4e285483107f1585960cfd62e17bdc6c712,5900,5900,MohamedRashad/arabic-img2md,input/images/arabic_ocr_000089.bin,df3b4e6b4ed7faf90ecd31ce7fb17073c682c8a6361374916a92b4228850cdff,train,original_image,1240
arabic_ocr_000090,originals/arabic_ocr_000090.png,165f7f8dd39d0ec3bc10f3f89d79ca4f4391b729eb7b897a432995b86c139cdf,markdown,ground_truth/arabic_ocr_000090.txt,eccf56b734ec99fc8f1fc1cf825035e9f16f67d50dc4dc9459811d992dcaacf8,1650,2026-08-25T20:38:01.500973+00:00,gpl-3.0,input/metadata/arabic_ocr_000090.json,row_7133,7133,,False,b259f4e285483107f1585960cfd62e17bdc6c712,7133,7133,MohamedRashad/arabic-img2md,input/images/arabic_ocr_000090.bin,9de70fdbd257e05df2665fdce25cf9023691c19a7c547b1f9e9b41c75351ec48,train,original_image,1275
arabic_ocr_000091,originals/arabic_ocr_000091.png,140c03f98b84f72628828e31f704052203161b362e0083a7aaeec83b86a97c63,markdown,ground_truth/arabic_ocr_000091.txt,df8fff22dc0e57b2603cfcb3b160404b4c6342763ea99545b14c7d55aa248bad,1650,2026-08-25T20:38:01.500973+00:00,gpl-3.0,input/metadata/arabic_ocr_000091.json,row_8500,8500,,False,b259f4e285483107f1585960cfd62e17bdc6c712,8500,8500,MohamedRashad/arabic-img2md,input/images/arabic_ocr_000091.bin,c6ec88f621b68ccdaa5b4adeaa1cd19413bbf5928accbfe6055615db7dc2413c,train,original_image,1275
arabic_ocr_000092,originals/arabic_ocr_000092.png,33dd7c4fecbb5fe53af6fa0b874747668f84df3d9f0c670d706088454963a7e2,markdown,ground_truth/arabic_ocr_000092.txt,9c45c6ece415cc44816a31247ef792d6e4b39c955956f5194af5ecfab3347588,1650,2026-08-25T20:38:01.500973+00:00,gpl-3.0,input/metadata/arabic_ocr_000092.json,row_10001,10001,,False,b259f4e285483107f1585960cfd62e17bdc6c712,10001,10001,MohamedRashad/arabic-img2md,input/images/arabic_ocr_000092.bin,07bc80239529173d2ccfa33dbd24bef68c71839e84cb9753349a333b1d852181,train,original_image,1275
arabic_ocr_000093,originals/arabic_ocr_000093.png,7c2b981368c21fc74f07c0ab96e21cc84ce36a36686f987feb81b2627eb99526,markdown,ground_truth/arabic_ocr_000093.txt,0385483c6a89b9840969bb28e62527b69778e1f49d869c4bff2cbfed17d61e90,1650,2026-08-25T20:38:01.500973+00:00,gpl-3.0,input/metadata/arabic_ocr_000093.json,row_11300,11300,,False,b259f4e285483107f1585960cfd62e17bdc6c712,11300,11300,MohamedRashad/arabic-img2md,input/images/arabic_ocr_000093.bin,7eb9619ac247ac4894121e22d9e520607aadc517495deb2fe233a030937168bb,train,original_image,1275
arabic_ocr_000094,originals/arabic_ocr_000094.png,075729f4ccfe640ef8742489677ea1d85b336ada0f5414e4a3c408a59d6c468e,markdown,ground_truth/arabic_ocr_000094.txt,0417e57e72df903865ead6e4439c7e986f7a81e3e064dc6508e662790db80a5a,1867,2026-08-25T20:38:01.500973+00:00,gpl-3.0,input/metadata/arabic_ocr_000094.json,row_12550,12550,,False,b259f4e285483107f1585960cfd62e17bdc6c712,12550,12550,MohamedRashad/arabic-img2md,input/images/arabic_ocr_000094.bin,b57eb24f294616f1c27b6f9b20ed3ac1545e4e2ac22b99f225cd04355e69b118,train,original_image,1400
arabic_ocr_000095,originals/arabic_ocr_000095.png,7f261f75a31d7525b1ee236ebc6f5a67c31bf95cb85a55e815bfaf0951f942b6,markdown,ground_truth/arabic_ocr_000095.txt,4b5932941e17e5f291bea44bfbc5c0be6b696f3a20c1d8eab8ef25b831c857ca,1867,2026-08-25T20:38:01.500973+00:00,gpl-3.0,input/metadata/arabic_ocr_000095.json,row_13650,13650,,False,b259f4e285483107f1585960cfd62e17bdc6c712,13650,13650,MohamedRashad/arabic-img2md,input/images/arabic_ocr_000095.bin,a82b8a43cf06007be5b6cfc5c36284c5cfa8731bc4e0dfffb4da2169a32e9731,train,original_image,1400
arabic_ocr_000096,originals/arabic_ocr_000096.png,2fe46ed31dec072f9877f4a1c05bab6afbbea2642f98cf75bd78ce966325176b,texts archive,ground_truth/arabic_ocr_000096.txt,d2654eac3e84b864e3782d44e69325a6e7a06a869020e4f993aa74317f891dda,7016,2026-08-25T20:38:01.500973+00:00,mit,input/metadata/arabic_ocr_000096.json,segment_00030_page_00001.png,segment_00030_page_00001,Viewer row lacks ground truth; replaced by valid unused page/transcription pair from the same dataset public archive,True,c7df81cbef12277b46aa592bb0114636d642e6ad,0,0,craneset/arabic-ocr,input/images/arabic_ocr_000096.png,dcd3846f9283458f1be4e96978a79aa4e3c5715926011498ec17f04dc152195a,train,public_archive_page,4961
arabic_ocr_000097,originals/arabic_ocr_000097.png,f83ac0d41d576758eeea4465ea1e0a97e6687b0a6b7ab06e870ea75980963452,texts archive,ground_truth/arabic_ocr_000097.txt,a2620be67b7049c5c916f5086f73cdc2ee9a6a7a707b44e642646d5740869a39,7016,2026-08-25T20:38:01.500973+00:00,mit,input/metadata/arabic_ocr_000097.json,segment_00030_page_00002.png,segment_00030_page_00002,Viewer row lacks ground truth; replaced by valid unused page/transcription pair from the same dataset public archive,True,c7df81cbef12277b46aa592bb0114636d642e6ad,1,1,craneset/arabic-ocr,input/images/arabic_ocr_000097.png,41c905c27f6bacf36c97f18d933edd248a576a90378431bb0de7471f077aad0b,train,public_archive_page,4961
arabic_ocr_000098,originals/arabic_ocr_000098.png,2770e35b347ca2e81533d2401c94097b5bf1594cff2a64b7c8ebc91a62dee52d,texts archive,ground_truth/arabic_ocr_000098.txt,8c34dd6662e312eb15acb4ad83919b84acb2fc39c900920cdfd45b3c2393c349,7016,2026-08-25T20:38:01.500973+00:00,mit,input/metadata/arabic_ocr_000098.json,segment_00030_page_00003.png,segment_00030_page_00003,Viewer row lacks ground truth; replaced by valid unused page/transcription pair from the same dataset public archive,True,c7df81cbef12277b46aa592bb0114636d642e6ad,2,2,craneset/arabic-ocr,input/images/arabic_ocr_000098.png,fcbfcc8b67379dbc82f0cb26af463d527d0bf51f908b80e2c056b7f0c2ea6da3,train,public_archive_page,4961
arabic_ocr_000099,originals/arabic_ocr_000099.png,e69115006fdd1ae655df9c23af8014ec617a732cccfc4983a0f89b9ca61a029d,texts archive,ground_truth/arabic_ocr_000099.txt,76bd996b541486f5aaff1059bb77d27c292bccd989f2c321604714cd9a8fb479,7016,2026-08-25T20:38:01.500973+00:00,mit,input/metadata/arabic_ocr_000099.json,segment_00030_page_00004.png,segment_00030_page_00004,Viewer row lacks ground truth; replaced by valid unused page/transcription pair from the same dataset public archive,True,c7df81cbef12277b46aa592bb0114636d642e6ad,3,3,craneset/arabic-ocr,input/images/arabic_ocr_000099.png,e76be24ac1fe8935ee7f97a5bda52d9feac09556910db9feef2d9d60808aaa83,train,public_archive_page,4961
arabic_ocr_000100,originals/arabic_ocr_000100.png,e12479e59fc610d00df75d6ff5a67f6606695a3dd156f654e90edeba548505f7,texts archive,ground_truth/arabic_ocr_000100.txt,2b529506f4ed66bd63b37b464403c2c678b8d320d103ca2fb47d7ae93e2eaedb,7016,2026-08-25T20:38:01.500973+00:00,mit,input/metadata/arabic_ocr_000100.json,segment_00030_page_00005.png,segment_00030_page_00005,Viewer row lacks ground truth; replaced by valid unused page/transcription pair from the same dataset public archive,True,c7df81cbef12277b46aa592bb0114636d642e6ad,4,4,craneset/arabic-ocr,input/images/arabic_ocr_000100.png,09be9e82b42821e54fc674d7747222b0ea0075911d742e39a0b6e1574bcdf004,train,public_archive_page,4961
