dataset,split,row
ahmedheakl/arocrbench_hindawi,train,0
ahmedheakl/arocrbench_hindawi,train,7
ahmedheakl/arocrbench_hindawi,train,19
ahmedheakl/arocrbench_hindawi,train,31
ahmedheakl/arocrbench_hindawi,train,52
ahmedheakl/arocrbench_hindawi,train,88
ahmedheakl/arocrbench_hindawi,train,131
ahmedheakl/arocrbench_hindawi,train,177
ahmedheakl/arocrbench_historicalbooks,train,0
ahmedheakl/arocrbench_historicalbooks,train,1
ahmedheakl/arocrbench_historicalbooks,train,3
ahmedheakl/arocrbench_historicalbooks,train,5
ahmedheakl/arocrbench_historicalbooks,train,7
ahmedheakl/arocrbench_historicalbooks,train,9
ahmedheakl/arocrbench_khattparagraph,train,0
ahmedheakl/arocrbench_khattparagraph,train,17
ahmedheakl/arocrbench_khattparagraph,train,54
ahmedheakl/arocrbench_khattparagraph,train,113
ahmedheakl/arocrbench_doclaynet,train,3
ahmedheakl/arocrbench_doclaynet,train,27
ahmedheakl/arocrbench_doclaynet,train,105
ahmedheakl/arocrbench_doclaynet,train,268
ahmedheakl/arocrbench_tables,train,0
ahmedheakl/arocrbench_tables,train,41
ahmedheakl/arocrbench_tables,train,188
ahmedheakl/arocrbench_tables,train,377
ahmedheakl/arocrbench_historyar,train,9
ahmedheakl/arocrbench_historyar,train,61
ahmedheakl/arocrbench_historyar,train,129
ahmedheakl/arocrbench_historyar,train,193
mohres/The_Arabic_E-Book_Corpus,train,0
mohres/The_Arabic_E-Book_Corpus,train,87
mohres/The_Arabic_E-Book_Corpus,train,174
mohres/The_Arabic_E-Book_Corpus,train,261
mohres/The_Arabic_E-Book_Corpus,train,348
mohres/The_Arabic_E-Book_Corpus,train,435
mohres/The_Arabic_E-Book_Corpus,train,522
mohres/The_Arabic_E-Book_Corpus,train,609
mohres/The_Arabic_E-Book_Corpus,train,696
mohres/The_Arabic_E-Book_Corpus,train,783
mohres/The_Arabic_E-Book_Corpus,train,870
mohres/The_Arabic_E-Book_Corpus,train,957
mohres/The_Arabic_E-Book_Corpus,train,1044
mohres/The_Arabic_E-Book_Corpus,train,1131
mohres/The_Arabic_E-Book_Corpus,train,1218
mohres/The_Arabic_E-Book_Corpus,train,1305
mohres/The_Arabic_E-Book_Corpus,train,1392
mohres/The_Arabic_E-Book_Corpus,train,1479
mohres/The_Arabic_E-Book_Corpus,train,1566
mohres/The_Arabic_E-Book_Corpus,train,1653
calfa-ai/tarima,train,0
calfa-ai/tarima,train,143
calfa-ai/tarima,train,287
calfa-ai/tarima,train,512
calfa-ai/tarima,train,804
calfa-ai/tarima,train,1091
calfa-ai/tarima,train,1450
calfa-ai/tarima,train,1800
calfa-ai/RASAM-1,train,0
calfa-ai/RASAM-1,train,211
calfa-ai/RASAM-1,train,522
calfa-ai/RASAM-1,train,911
calfa-ai/RASAM-1,train,1300
calfa-ai/RASAM-1,train,1700
calfa-ai/RASAM-2,train,0
calfa-ai/RASAM-2,train,173
calfa-ai/RASAM-2,train,512
calfa-ai/RASAM-2,train,899
calfa-ai/RASAM-2,train,1550
calfa-ai/RASAM-2,train,2700
calfa-ai/baybars,train,0
calfa-ai/baybars,train,311
calfa-ai/baybars,train,742
calfa-ai/baybars,train,1800
calfa-ai/baybars,train,5000
calfa-ai/iskandar,train,0
calfa-ai/iskandar,train,201
calfa-ai/iskandar,train,777
calfa-ai/iskandar,train,1600
calfa-ai/iskandar,train,4000
MohamedRashad/arabic-img2md,train,0
MohamedRashad/arabic-img2md,train,37
MohamedRashad/arabic-img2md,train,411
MohamedRashad/arabic-img2md,train,907
MohamedRashad/arabic-img2md,train,1500
MohamedRashad/arabic-img2md,train,2333
MohamedRashad/arabic-img2md,train,3500
MohamedRashad/arabic-img2md,train,4721
MohamedRashad/arabic-img2md,train,5900
MohamedRashad/arabic-img2md,train,7133
MohamedRashad/arabic-img2md,train,8500
MohamedRashad/arabic-img2md,train,10001
MohamedRashad/arabic-img2md,train,11300
MohamedRashad/arabic-img2md,train,12550
MohamedRashad/arabic-img2md,train,13650
craneset/arabic-ocr,train,0
craneset/arabic-ocr,train,1
craneset/arabic-ocr,train,2
craneset/arabic-ocr,train,3
craneset/arabic-ocr,train,4
