sample_id,benchmark_id,ground_truth_sha256,source_dataset,source_split,source_repository_revision,declared_license_note,release_status
dist_b1aa183ffd20fcdf,arabic_ocr_000026,13c1be7dae0b30cdd0da702f74de7e209ad476aa61feac83e393524aace07d12,ahmedheakl/arocrbench_tables,train,1fc7dbf1414f82f04c091087af31d30446bd1867,unspecified,WITHHELD_LICENSE_UNKNOWN_OR_UNCLEAR
dist_9ef29038a70a01b5,arabic_ocr_000063,650b639ee582d628f839b89d37705b8b0d90a970ae81d97cd97268a7011f95ea,calfa-ai/RASAM-1,train,0dd7531ae68fb0bfc5cb7b189955cb3002a1ec95,apache-2.0,RELEASED_ATTRIBUTION_REQUIRED
dist_2822391c4100c975,arabic_ocr_000100,2b529506f4ed66bd63b37b464403c2c678b8d320d103ca2fb47d7ae93e2eaedb,craneset/arabic-ocr,train,c7df81cbef12277b46aa592bb0114636d642e6ad,mit,RELEASED_ATTRIBUTION_REQUIRED
dist_b831ac2aeed3882c,arabic_ocr_000037,d83f614e08b35b09cc5065da57a06466100d9dac05bc1408e5195eedfdb8592a,mohres/The_Arabic_E-Book_Corpus,train,7d26ca7c2041064a7f36f03ecb4c5c1dd1a15e1a,cc-by-4.0,RELEASED_ATTRIBUTION_REQUIRED
dist_084add2efb187d36,arabic_ocr_000074,dd2ddea9e74995e6971cf24484c214beb6ba37bf9e3364ea9ee2447195bb7c27,calfa-ai/baybars,train,ce04cd0779386abf25ee24faf84518df33ed41b3,etalab-2.0,RELEASED_ATTRIBUTION_REQUIRED
dist_2ba835cb56dfabbf,arabic_ocr_000011,bee3f767682ca18bf1fc0e9976566b4bd627b6ff010ac17318d9729c978730e3,ahmedheakl/arocrbench_historicalbooks,train,cbe0684cfc878f281be6d6b11c22f41d32842c00,unspecified,WITHHELD_LICENSE_UNKNOWN_OR_UNCLEAR
dist_32cac681cb8cfa40,arabic_ocr_000048,020993a1043d07c32c996c09850c6e07262bf6cfcd3b18eff32eec67288346e1,mohres/The_Arabic_E-Book_Corpus,train,7d26ca7c2041064a7f36f03ecb4c5c1dd1a15e1a,cc-by-4.0,RELEASED_ATTRIBUTION_REQUIRED
dist_cfbb04d92a4c1d1a,arabic_ocr_000085,f4b4b5d4f9f1dc09f89470fc0383c18d3be0e222b110e249298a5ba359491dfe,MohamedRashad/arabic-img2md,train,b259f4e285483107f1585960cfd62e17bdc6c712,gpl-3.0,RELEASED_ATTRIBUTION_REQUIRED
dist_4d1d42e7ac672747,arabic_ocr_000022,bef2f74b7af15cdb68f0101d09348f3335caed762418570d61d6b6c5a321f697,ahmedheakl/arocrbench_doclaynet,train,92853b44e9259cbdbbbb3cb84ae9ced036d58c3f,unspecified,WITHHELD_LICENSE_UNKNOWN_OR_UNCLEAR
dist_25c4ca6e652857ff,arabic_ocr_000059,cc00f6950367aa8643321bd8cc9dda6444e90be148417635dc1325c8714686d9,calfa-ai/RASAM-1,train,0dd7531ae68fb0bfc5cb7b189955cb3002a1ec95,apache-2.0,RELEASED_ATTRIBUTION_REQUIRED
dist_b71a399f97e38a43,arabic_ocr_000096,d2654eac3e84b864e3782d44e69325a6e7a06a869020e4f993aa74317f891dda,craneset/arabic-ocr,train,c7df81cbef12277b46aa592bb0114636d642e6ad,mit,RELEASED_ATTRIBUTION_REQUIRED
dist_de59ccc5709ff25b,arabic_ocr_000033,a0dcf48bb25dfb50ec143c76a564735ab991b64c75f32b5da3f316d0b5e1c0f3,mohres/The_Arabic_E-Book_Corpus,train,7d26ca7c2041064a7f36f03ecb4c5c1dd1a15e1a,cc-by-4.0,RELEASED_ATTRIBUTION_REQUIRED
dist_d81844ae32aab663,arabic_ocr_000070,27a2c751ddf847da19460c3b54831213b05cb95b059dd28fde9631dba7a9d75f,calfa-ai/RASAM-2,train,dd04242a1f18e519df0944d19ae2d868e404d6e5,apache-2.0,RELEASED_ATTRIBUTION_REQUIRED
dist_035d7671b45266be,arabic_ocr_000007,f6be1fb01fb180aaa55b5e75c065815aed5a0d92900d18447c30ca1432b660cc,ahmedheakl/arocrbench_hindawi,train,5693b901e43bb5c72b4b77e4a3efeadfd01739a8,unspecified,WITHHELD_LICENSE_UNKNOWN_OR_UNCLEAR
dist_7b88ffdd6d81f6b1,arabic_ocr_000044,ccabb760124a6c6fad3be3412d5a3dd21c6e8e55fe3e664f1f94dbd2e9c30299,mohres/The_Arabic_E-Book_Corpus,train,7d26ca7c2041064a7f36f03ecb4c5c1dd1a15e1a,cc-by-4.0,RELEASED_ATTRIBUTION_REQUIRED
dist_ad1006a0f977266b,arabic_ocr_000081,fa553d1e39b806bb0567bf549ca681f578b7ffb1b6d73dd0711b6c37e83ff010,MohamedRashad/arabic-img2md,train,b259f4e285483107f1585960cfd62e17bdc6c712,gpl-3.0,RELEASED_ATTRIBUTION_REQUIRED
dist_5f7eb816a16871fd,arabic_ocr_000018,bedf0e1c6041cecb0989f110a1e8d3f891a09050a9af73521770ee754e15e8d3,ahmedheakl/arocrbench_khattparagraph,train,d0e44472833d6de53ff23ca0cb1d36c77a213581,unspecified,WITHHELD_LICENSE_UNKNOWN_OR_UNCLEAR
dist_dea9283575da80cd,arabic_ocr_000055,83058dc170d295334f31e1b0aeeb020d33d8eba795338bf4f64b0cb5f340f49f,calfa-ai/tarima,train,8ccf8adb3dec69f0eb5a54eede92fc0ce465509b,apache-2.0,RELEASED_ATTRIBUTION_REQUIRED
dist_6f35b0a2736e7c25,arabic_ocr_000092,9c45c6ece415cc44816a31247ef792d6e4b39c955956f5194af5ecfab3347588,MohamedRashad/arabic-img2md,train,b259f4e285483107f1585960cfd62e17bdc6c712,gpl-3.0,RELEASED_ATTRIBUTION_REQUIRED
dist_e9f62a976df86b0e,arabic_ocr_000029,ad6b3eab72e4dc820057c494c70bcf9f80f9e11036e8767e1c66f3c3ba99d377,ahmedheakl/arocrbench_historyar,train,4e8d71775498cb10b873453910a2819714b46463,unspecified,WITHHELD_LICENSE_UNKNOWN_OR_UNCLEAR
dist_0c866b39a5c00d81,arabic_ocr_000066,7f3a397917cc033daf9c6cb4950fe3cdbbaf675b03e59facfa27b37ae51657b6,calfa-ai/RASAM-2,train,dd04242a1f18e519df0944d19ae2d868e404d6e5,apache-2.0,RELEASED_ATTRIBUTION_REQUIRED
dist_0e7f25b5ede8387a,arabic_ocr_000003,9103097c8d656f7a22179bc0e29d789108c1ed4e9fa6f7835ef7a5c935b4ab47,ahmedheakl/arocrbench_hindawi,train,5693b901e43bb5c72b4b77e4a3efeadfd01739a8,unspecified,WITHHELD_LICENSE_UNKNOWN_OR_UNCLEAR
dist_a117414513a7ac2c,arabic_ocr_000048,020993a1043d07c32c996c09850c6e07262bf6cfcd3b18eff32eec67288346e1,mohres/The_Arabic_E-Book_Corpus,train,7d26ca7c2041064a7f36f03ecb4c5c1dd1a15e1a,cc-by-4.0,RELEASED_ATTRIBUTION_REQUIRED
dist_676ce44dc8f746a3,arabic_ocr_000085,f4b4b5d4f9f1dc09f89470fc0383c18d3be0e222b110e249298a5ba359491dfe,MohamedRashad/arabic-img2md,train,b259f4e285483107f1585960cfd62e17bdc6c712,gpl-3.0,RELEASED_ATTRIBUTION_REQUIRED
dist_6f8a10ebc5fab357,arabic_ocr_000022,bef2f74b7af15cdb68f0101d09348f3335caed762418570d61d6b6c5a321f697,ahmedheakl/arocrbench_doclaynet,train,92853b44e9259cbdbbbb3cb84ae9ced036d58c3f,unspecified,WITHHELD_LICENSE_UNKNOWN_OR_UNCLEAR
dist_17cc3f21932b4c78,arabic_ocr_000059,cc00f6950367aa8643321bd8cc9dda6444e90be148417635dc1325c8714686d9,calfa-ai/RASAM-1,train,0dd7531ae68fb0bfc5cb7b189955cb3002a1ec95,apache-2.0,RELEASED_ATTRIBUTION_REQUIRED
dist_77ca6273e7dbe50f,arabic_ocr_000096,d2654eac3e84b864e3782d44e69325a6e7a06a869020e4f993aa74317f891dda,craneset/arabic-ocr,train,c7df81cbef12277b46aa592bb0114636d642e6ad,mit,RELEASED_ATTRIBUTION_REQUIRED
dist_2b2ffa5ab69772d4,arabic_ocr_000033,a0dcf48bb25dfb50ec143c76a564735ab991b64c75f32b5da3f316d0b5e1c0f3,mohres/The_Arabic_E-Book_Corpus,train,7d26ca7c2041064a7f36f03ecb4c5c1dd1a15e1a,cc-by-4.0,RELEASED_ATTRIBUTION_REQUIRED
dist_8bcaa349fa14f63a,arabic_ocr_000070,27a2c751ddf847da19460c3b54831213b05cb95b059dd28fde9631dba7a9d75f,calfa-ai/RASAM-2,train,dd04242a1f18e519df0944d19ae2d868e404d6e5,apache-2.0,RELEASED_ATTRIBUTION_REQUIRED
dist_bca0fef5eb5434b1,arabic_ocr_000007,f6be1fb01fb180aaa55b5e75c065815aed5a0d92900d18447c30ca1432b660cc,ahmedheakl/arocrbench_hindawi,train,5693b901e43bb5c72b4b77e4a3efeadfd01739a8,unspecified,WITHHELD_LICENSE_UNKNOWN_OR_UNCLEAR
dist_0c05bbbc5488e5f7,arabic_ocr_000044,ccabb760124a6c6fad3be3412d5a3dd21c6e8e55fe3e664f1f94dbd2e9c30299,mohres/The_Arabic_E-Book_Corpus,train,7d26ca7c2041064a7f36f03ecb4c5c1dd1a15e1a,cc-by-4.0,RELEASED_ATTRIBUTION_REQUIRED
dist_a66f0705537ab05b,arabic_ocr_000081,fa553d1e39b806bb0567bf549ca681f578b7ffb1b6d73dd0711b6c37e83ff010,MohamedRashad/arabic-img2md,train,b259f4e285483107f1585960cfd62e17bdc6c712,gpl-3.0,RELEASED_ATTRIBUTION_REQUIRED
dist_e27a0f6c6b9adbea,arabic_ocr_000018,bedf0e1c6041cecb0989f110a1e8d3f891a09050a9af73521770ee754e15e8d3,ahmedheakl/arocrbench_khattparagraph,train,d0e44472833d6de53ff23ca0cb1d36c77a213581,unspecified,WITHHELD_LICENSE_UNKNOWN_OR_UNCLEAR
dist_6fff6848fda90a9d,arabic_ocr_000055,83058dc170d295334f31e1b0aeeb020d33d8eba795338bf4f64b0cb5f340f49f,calfa-ai/tarima,train,8ccf8adb3dec69f0eb5a54eede92fc0ce465509b,apache-2.0,RELEASED_ATTRIBUTION_REQUIRED
dist_7a6c3aeeeb602e68,arabic_ocr_000092,9c45c6ece415cc44816a31247ef792d6e4b39c955956f5194af5ecfab3347588,MohamedRashad/arabic-img2md,train,b259f4e285483107f1585960cfd62e17bdc6c712,gpl-3.0,RELEASED_ATTRIBUTION_REQUIRED
dist_7d79da4af4134bc7,arabic_ocr_000029,ad6b3eab72e4dc820057c494c70bcf9f80f9e11036e8767e1c66f3c3ba99d377,ahmedheakl/arocrbench_historyar,train,4e8d71775498cb10b873453910a2819714b46463,unspecified,WITHHELD_LICENSE_UNKNOWN_OR_UNCLEAR
dist_9d729a67accfffe3,arabic_ocr_000066,7f3a397917cc033daf9c6cb4950fe3cdbbaf675b03e59facfa27b37ae51657b6,calfa-ai/RASAM-2,train,dd04242a1f18e519df0944d19ae2d868e404d6e5,apache-2.0,RELEASED_ATTRIBUTION_REQUIRED
dist_a733bdc5670dea6f,arabic_ocr_000003,9103097c8d656f7a22179bc0e29d789108c1ed4e9fa6f7835ef7a5c935b4ab47,ahmedheakl/arocrbench_hindawi,train,5693b901e43bb5c72b4b77e4a3efeadfd01739a8,unspecified,WITHHELD_LICENSE_UNKNOWN_OR_UNCLEAR
dist_3092e88abf40a83a,arabic_ocr_000040,7b4186b0aefd78a49500b9e5b6f9d45c55d7913a2d409f6304267a1d89d5815e,mohres/The_Arabic_E-Book_Corpus,train,7d26ca7c2041064a7f36f03ecb4c5c1dd1a15e1a,cc-by-4.0,RELEASED_ATTRIBUTION_REQUIRED
dist_c9d33868d72886b6,arabic_ocr_000077,0facd721f7d7e6c6262e085d064ab169b02a1eaa5ed9d11f19abaeb96732c187,calfa-ai/iskandar,train,8cd27a8a823b4bf7d5f119a3f94ec798fc792ab0,etalab-2.0,RELEASED_ATTRIBUTION_REQUIRED
dist_eae2fb92722582c5,arabic_ocr_000014,020db3f7756f93ae8bd3fcac45c5c20095ca0a1f6e02b92da11802f6ed21df83,ahmedheakl/arocrbench_historicalbooks,train,cbe0684cfc878f281be6d6b11c22f41d32842c00,unspecified,WITHHELD_LICENSE_UNKNOWN_OR_UNCLEAR
dist_8d2327fa0a046fa2,arabic_ocr_000051,4ced79ce1de6661a658fc6d1981858683c67c5efd91573106da54c3f8dfc0e08,calfa-ai/tarima,train,8ccf8adb3dec69f0eb5a54eede92fc0ce465509b,apache-2.0,RELEASED_ATTRIBUTION_REQUIRED
dist_6678ba07b6d928d1,arabic_ocr_000088,147fcd39b6e3fab00665e7cb2121247647a0f6733fbcd9a0d103f293cde8a98b,MohamedRashad/arabic-img2md,train,b259f4e285483107f1585960cfd62e17bdc6c712,gpl-3.0,RELEASED_ATTRIBUTION_REQUIRED
dist_87e5800e4970d023,arabic_ocr_000025,8a6edbbf00471efd39b1a9dccd6bfb8a468cd6ccb17df99e733eb7ea24a61ecc,ahmedheakl/arocrbench_tables,train,1fc7dbf1414f82f04c091087af31d30446bd1867,unspecified,WITHHELD_LICENSE_UNKNOWN_OR_UNCLEAR
dist_34b97e5a4f2bf1b0,arabic_ocr_000070,27a2c751ddf847da19460c3b54831213b05cb95b059dd28fde9631dba7a9d75f,calfa-ai/RASAM-2,train,dd04242a1f18e519df0944d19ae2d868e404d6e5,apache-2.0,RELEASED_ATTRIBUTION_REQUIRED
dist_6a39dee5e82182c6,arabic_ocr_000007,f6be1fb01fb180aaa55b5e75c065815aed5a0d92900d18447c30ca1432b660cc,ahmedheakl/arocrbench_hindawi,train,5693b901e43bb5c72b4b77e4a3efeadfd01739a8,unspecified,WITHHELD_LICENSE_UNKNOWN_OR_UNCLEAR
dist_647231df71a21443,arabic_ocr_000044,ccabb760124a6c6fad3be3412d5a3dd21c6e8e55fe3e664f1f94dbd2e9c30299,mohres/The_Arabic_E-Book_Corpus,train,7d26ca7c2041064a7f36f03ecb4c5c1dd1a15e1a,cc-by-4.0,RELEASED_ATTRIBUTION_REQUIRED
dist_dd876b1586be2412,arabic_ocr_000081,fa553d1e39b806bb0567bf549ca681f578b7ffb1b6d73dd0711b6c37e83ff010,MohamedRashad/arabic-img2md,train,b259f4e285483107f1585960cfd62e17bdc6c712,gpl-3.0,RELEASED_ATTRIBUTION_REQUIRED
dist_77098089e86cc49d,arabic_ocr_000018,bedf0e1c6041cecb0989f110a1e8d3f891a09050a9af73521770ee754e15e8d3,ahmedheakl/arocrbench_khattparagraph,train,d0e44472833d6de53ff23ca0cb1d36c77a213581,unspecified,WITHHELD_LICENSE_UNKNOWN_OR_UNCLEAR
dist_ef204b39e82dd389,arabic_ocr_000055,83058dc170d295334f31e1b0aeeb020d33d8eba795338bf4f64b0cb5f340f49f,calfa-ai/tarima,train,8ccf8adb3dec69f0eb5a54eede92fc0ce465509b,apache-2.0,RELEASED_ATTRIBUTION_REQUIRED
dist_195a5715b7f740a9,arabic_ocr_000092,9c45c6ece415cc44816a31247ef792d6e4b39c955956f5194af5ecfab3347588,MohamedRashad/arabic-img2md,train,b259f4e285483107f1585960cfd62e17bdc6c712,gpl-3.0,RELEASED_ATTRIBUTION_REQUIRED
dist_99d99d8dd1094008,arabic_ocr_000029,ad6b3eab72e4dc820057c494c70bcf9f80f9e11036e8767e1c66f3c3ba99d377,ahmedheakl/arocrbench_historyar,train,4e8d71775498cb10b873453910a2819714b46463,unspecified,WITHHELD_LICENSE_UNKNOWN_OR_UNCLEAR
dist_dae4da6109c2681f,arabic_ocr_000066,7f3a397917cc033daf9c6cb4950fe3cdbbaf675b03e59facfa27b37ae51657b6,calfa-ai/RASAM-2,train,dd04242a1f18e519df0944d19ae2d868e404d6e5,apache-2.0,RELEASED_ATTRIBUTION_REQUIRED
dist_33ef2fea9941b184,arabic_ocr_000003,9103097c8d656f7a22179bc0e29d789108c1ed4e9fa6f7835ef7a5c935b4ab47,ahmedheakl/arocrbench_hindawi,train,5693b901e43bb5c72b4b77e4a3efeadfd01739a8,unspecified,WITHHELD_LICENSE_UNKNOWN_OR_UNCLEAR
dist_5f0a76aa94ec6b12,arabic_ocr_000040,7b4186b0aefd78a49500b9e5b6f9d45c55d7913a2d409f6304267a1d89d5815e,mohres/The_Arabic_E-Book_Corpus,train,7d26ca7c2041064a7f36f03ecb4c5c1dd1a15e1a,cc-by-4.0,RELEASED_ATTRIBUTION_REQUIRED
dist_9fd54ffdbebbf9e2,arabic_ocr_000077,0facd721f7d7e6c6262e085d064ab169b02a1eaa5ed9d11f19abaeb96732c187,calfa-ai/iskandar,train,8cd27a8a823b4bf7d5f119a3f94ec798fc792ab0,etalab-2.0,RELEASED_ATTRIBUTION_REQUIRED
dist_59b61bedd35be622,arabic_ocr_000014,020db3f7756f93ae8bd3fcac45c5c20095ca0a1f6e02b92da11802f6ed21df83,ahmedheakl/arocrbench_historicalbooks,train,cbe0684cfc878f281be6d6b11c22f41d32842c00,unspecified,WITHHELD_LICENSE_UNKNOWN_OR_UNCLEAR
dist_970711469d55d4be,arabic_ocr_000051,4ced79ce1de6661a658fc6d1981858683c67c5efd91573106da54c3f8dfc0e08,calfa-ai/tarima,train,8ccf8adb3dec69f0eb5a54eede92fc0ce465509b,apache-2.0,RELEASED_ATTRIBUTION_REQUIRED
dist_d79c5445b55909aa,arabic_ocr_000088,147fcd39b6e3fab00665e7cb2121247647a0f6733fbcd9a0d103f293cde8a98b,MohamedRashad/arabic-img2md,train,b259f4e285483107f1585960cfd62e17bdc6c712,gpl-3.0,RELEASED_ATTRIBUTION_REQUIRED
dist_3fa5e21f1a48a0be,arabic_ocr_000025,8a6edbbf00471efd39b1a9dccd6bfb8a468cd6ccb17df99e733eb7ea24a61ecc,ahmedheakl/arocrbench_tables,train,1fc7dbf1414f82f04c091087af31d30446bd1867,unspecified,WITHHELD_LICENSE_UNKNOWN_OR_UNCLEAR
dist_48dc8a47e830a050,arabic_ocr_000062,f31417e9ecdc5ea5bff649fac6acfceafb2e3bc1455a5df2835b49c83f4702e8,calfa-ai/RASAM-1,train,0dd7531ae68fb0bfc5cb7b189955cb3002a1ec95,apache-2.0,RELEASED_ATTRIBUTION_REQUIRED
dist_35bf0456187ab15a,arabic_ocr_000099,76bd996b541486f5aaff1059bb77d27c292bccd989f2c321604714cd9a8fb479,craneset/arabic-ocr,train,c7df81cbef12277b46aa592bb0114636d642e6ad,mit,RELEASED_ATTRIBUTION_REQUIRED
dist_2f0f9d09d23535ff,arabic_ocr_000036,203ec3d11858cba53ea55aa2035353bf8b6d9020d64d1cd01299dc84e723e13d,mohres/The_Arabic_E-Book_Corpus,train,7d26ca7c2041064a7f36f03ecb4c5c1dd1a15e1a,cc-by-4.0,RELEASED_ATTRIBUTION_REQUIRED
dist_3d201717b81510f2,arabic_ocr_000073,b7d792bab418b493792832fca5c46b12ef676a63d0923f10c8c0cb27803c628d,calfa-ai/baybars,train,ce04cd0779386abf25ee24faf84518df33ed41b3,etalab-2.0,RELEASED_ATTRIBUTION_REQUIRED
dist_96cdee43f74680a4,arabic_ocr_000010,1a9383515c64db0eb9914f39fc1597f38117c5d278dca4935e5d65de7d28ce0c,ahmedheakl/arocrbench_historicalbooks,train,cbe0684cfc878f281be6d6b11c22f41d32842c00,unspecified,WITHHELD_LICENSE_UNKNOWN_OR_UNCLEAR
dist_aa68f6306453f40d,arabic_ocr_000047,75a1a9b7a8df8e95a34238ac7125fb63393d9b8144505ae72ed9d65dfc113e8d,mohres/The_Arabic_E-Book_Corpus,train,7d26ca7c2041064a7f36f03ecb4c5c1dd1a15e1a,cc-by-4.0,RELEASED_ATTRIBUTION_REQUIRED
dist_f61569f0ace1e3ad,arabic_ocr_000092,9c45c6ece415cc44816a31247ef792d6e4b39c955956f5194af5ecfab3347588,MohamedRashad/arabic-img2md,train,b259f4e285483107f1585960cfd62e17bdc6c712,gpl-3.0,RELEASED_ATTRIBUTION_REQUIRED
dist_436ac0237cdcdbfa,arabic_ocr_000029,ad6b3eab72e4dc820057c494c70bcf9f80f9e11036e8767e1c66f3c3ba99d377,ahmedheakl/arocrbench_historyar,train,4e8d71775498cb10b873453910a2819714b46463,unspecified,WITHHELD_LICENSE_UNKNOWN_OR_UNCLEAR
dist_6d7cd02ae6250fb6,arabic_ocr_000066,7f3a397917cc033daf9c6cb4950fe3cdbbaf675b03e59facfa27b37ae51657b6,calfa-ai/RASAM-2,train,dd04242a1f18e519df0944d19ae2d868e404d6e5,apache-2.0,RELEASED_ATTRIBUTION_REQUIRED
dist_8e4dfdb0cf014fab,arabic_ocr_000003,9103097c8d656f7a22179bc0e29d789108c1ed4e9fa6f7835ef7a5c935b4ab47,ahmedheakl/arocrbench_hindawi,train,5693b901e43bb5c72b4b77e4a3efeadfd01739a8,unspecified,WITHHELD_LICENSE_UNKNOWN_OR_UNCLEAR
dist_278bc33dc00f5615,arabic_ocr_000040,7b4186b0aefd78a49500b9e5b6f9d45c55d7913a2d409f6304267a1d89d5815e,mohres/The_Arabic_E-Book_Corpus,train,7d26ca7c2041064a7f36f03ecb4c5c1dd1a15e1a,cc-by-4.0,RELEASED_ATTRIBUTION_REQUIRED
dist_00b5396e3c2f2616,arabic_ocr_000077,0facd721f7d7e6c6262e085d064ab169b02a1eaa5ed9d11f19abaeb96732c187,calfa-ai/iskandar,train,8cd27a8a823b4bf7d5f119a3f94ec798fc792ab0,etalab-2.0,RELEASED_ATTRIBUTION_REQUIRED
dist_fe77e3f44caeb643,arabic_ocr_000014,020db3f7756f93ae8bd3fcac45c5c20095ca0a1f6e02b92da11802f6ed21df83,ahmedheakl/arocrbench_historicalbooks,train,cbe0684cfc878f281be6d6b11c22f41d32842c00,unspecified,WITHHELD_LICENSE_UNKNOWN_OR_UNCLEAR
dist_aba301438b699cd8,arabic_ocr_000051,4ced79ce1de6661a658fc6d1981858683c67c5efd91573106da54c3f8dfc0e08,calfa-ai/tarima,train,8ccf8adb3dec69f0eb5a54eede92fc0ce465509b,apache-2.0,RELEASED_ATTRIBUTION_REQUIRED
dist_639c5d7215003e5b,arabic_ocr_000088,147fcd39b6e3fab00665e7cb2121247647a0f6733fbcd9a0d103f293cde8a98b,MohamedRashad/arabic-img2md,train,b259f4e285483107f1585960cfd62e17bdc6c712,gpl-3.0,RELEASED_ATTRIBUTION_REQUIRED
dist_0ea747eb9ddc1721,arabic_ocr_000025,8a6edbbf00471efd39b1a9dccd6bfb8a468cd6ccb17df99e733eb7ea24a61ecc,ahmedheakl/arocrbench_tables,train,1fc7dbf1414f82f04c091087af31d30446bd1867,unspecified,WITHHELD_LICENSE_UNKNOWN_OR_UNCLEAR
dist_230e8b6d9ab74c61,arabic_ocr_000062,f31417e9ecdc5ea5bff649fac6acfceafb2e3bc1455a5df2835b49c83f4702e8,calfa-ai/RASAM-1,train,0dd7531ae68fb0bfc5cb7b189955cb3002a1ec95,apache-2.0,RELEASED_ATTRIBUTION_REQUIRED
dist_b30c74fa8514a77a,arabic_ocr_000099,76bd996b541486f5aaff1059bb77d27c292bccd989f2c321604714cd9a8fb479,craneset/arabic-ocr,train,c7df81cbef12277b46aa592bb0114636d642e6ad,mit,RELEASED_ATTRIBUTION_REQUIRED
dist_a9aa4238ed838c7a,arabic_ocr_000004,7b8a2e41912ba578ed86083a819726224c7a1d4454d525f5a2734fa26d0395d9,ahmedheakl/arocrbench_hindawi,train,5693b901e43bb5c72b4b77e4a3efeadfd01739a8,unspecified,WITHHELD_LICENSE_UNKNOWN_OR_UNCLEAR
dist_2825472e1a33c89d,arabic_ocr_000041,d863afb6626834e89e903702f2070a3c22153946faaedb38f7521453a817ac9f,mohres/The_Arabic_E-Book_Corpus,train,7d26ca7c2041064a7f36f03ecb4c5c1dd1a15e1a,cc-by-4.0,RELEASED_ATTRIBUTION_REQUIRED
dist_975457a46b52ec18,arabic_ocr_000078,5f6c7e5ce4d8cef4cb0cfa7659d9ee3e74028e2da3ca5558d098fddf2537c970,calfa-ai/iskandar,train,8cd27a8a823b4bf7d5f119a3f94ec798fc792ab0,etalab-2.0,RELEASED_ATTRIBUTION_REQUIRED
dist_8d1d8fcc002efd40,arabic_ocr_000015,03a0d3f7d2047ca2d4c8e260e1c805e1f28f82d25d920cf293706e8b1952c15a,ahmedheakl/arocrbench_khattparagraph,train,d0e44472833d6de53ff23ca0cb1d36c77a213581,unspecified,WITHHELD_LICENSE_UNKNOWN_OR_UNCLEAR
dist_cbbb9ceb002dbfbd,arabic_ocr_000052,2a1d49454c0b52892a0bce2a7339f047be3ba6f0bee2c5c4629bd5108f98771b,calfa-ai/tarima,train,8ccf8adb3dec69f0eb5a54eede92fc0ce465509b,apache-2.0,RELEASED_ATTRIBUTION_REQUIRED
dist_3519aa126ee9aadd,arabic_ocr_000089,24f9db4d19edc385d2895c7b43119708b95216ee517f53282d5e5ca62680784a,MohamedRashad/arabic-img2md,train,b259f4e285483107f1585960cfd62e17bdc6c712,gpl-3.0,RELEASED_ATTRIBUTION_REQUIRED
dist_a77c42d15ad5ed3f,arabic_ocr_000026,13c1be7dae0b30cdd0da702f74de7e209ad476aa61feac83e393524aace07d12,ahmedheakl/arocrbench_tables,train,1fc7dbf1414f82f04c091087af31d30446bd1867,unspecified,WITHHELD_LICENSE_UNKNOWN_OR_UNCLEAR
dist_35aca835fbc76cd9,arabic_ocr_000063,650b639ee582d628f839b89d37705b8b0d90a970ae81d97cd97268a7011f95ea,calfa-ai/RASAM-1,train,0dd7531ae68fb0bfc5cb7b189955cb3002a1ec95,apache-2.0,RELEASED_ATTRIBUTION_REQUIRED
dist_4bb08c1b35aff61e,arabic_ocr_000100,2b529506f4ed66bd63b37b464403c2c678b8d320d103ca2fb47d7ae93e2eaedb,craneset/arabic-ocr,train,c7df81cbef12277b46aa592bb0114636d642e6ad,mit,RELEASED_ATTRIBUTION_REQUIRED
dist_729d2a4a45866e0b,arabic_ocr_000037,d83f614e08b35b09cc5065da57a06466100d9dac05bc1408e5195eedfdb8592a,mohres/The_Arabic_E-Book_Corpus,train,7d26ca7c2041064a7f36f03ecb4c5c1dd1a15e1a,cc-by-4.0,RELEASED_ATTRIBUTION_REQUIRED
dist_e363e7af388af2bf,arabic_ocr_000074,dd2ddea9e74995e6971cf24484c214beb6ba37bf9e3364ea9ee2447195bb7c27,calfa-ai/baybars,train,ce04cd0779386abf25ee24faf84518df33ed41b3,etalab-2.0,RELEASED_ATTRIBUTION_REQUIRED
dist_a411d7bc07b65f5e,arabic_ocr_000011,bee3f767682ca18bf1fc0e9976566b4bd627b6ff010ac17318d9729c978730e3,ahmedheakl/arocrbench_historicalbooks,train,cbe0684cfc878f281be6d6b11c22f41d32842c00,unspecified,WITHHELD_LICENSE_UNKNOWN_OR_UNCLEAR
dist_033f8766bce6a60e,arabic_ocr_000016,75aa25f5cbafe1f5de1fb62480dbd2e4045a9244f7014d8e69ba9ee6bd24e2f2,ahmedheakl/arocrbench_khattparagraph,train,d0e44472833d6de53ff23ca0cb1d36c77a213581,unspecified,WITHHELD_LICENSE_UNKNOWN_OR_UNCLEAR
dist_154bb6c32a7df689,arabic_ocr_000053,0ab07df101cec47e7252f7e284226ba012e90fe3fbf19a8e6b51783f27231f74,calfa-ai/tarima,train,8ccf8adb3dec69f0eb5a54eede92fc0ce465509b,apache-2.0,RELEASED_ATTRIBUTION_REQUIRED
dist_b85f0212281d7066,arabic_ocr_000090,eccf56b734ec99fc8f1fc1cf825035e9f16f67d50dc4dc9459811d992dcaacf8,MohamedRashad/arabic-img2md,train,b259f4e285483107f1585960cfd62e17bdc6c712,gpl-3.0,RELEASED_ATTRIBUTION_REQUIRED
dist_f92f15fb365aaabf,arabic_ocr_000027,0321b99506ca9c487c75abb0dde6a3d6e44d525663e48accbb244000378cd53c,ahmedheakl/arocrbench_historyar,train,4e8d71775498cb10b873453910a2819714b46463,unspecified,WITHHELD_LICENSE_UNKNOWN_OR_UNCLEAR
dist_334bb643f71a8b15,arabic_ocr_000064,7f01893cc5371fc825001cb3099730d86a23dddd0985c3ffac65c8ff9694f01f,calfa-ai/RASAM-1,train,0dd7531ae68fb0bfc5cb7b189955cb3002a1ec95,apache-2.0,RELEASED_ATTRIBUTION_REQUIRED
dist_8963c3872ede911b,arabic_ocr_000001,9533aec7cd912d05baf1872b04a28334c67c97f063327f14f4f2252bfec772bf,ahmedheakl/arocrbench_hindawi,train,5693b901e43bb5c72b4b77e4a3efeadfd01739a8,unspecified,WITHHELD_LICENSE_UNKNOWN_OR_UNCLEAR
dist_0e18242bc28dd996,arabic_ocr_000038,3887bdf857aa8f37d260a06e3f3fd518e643cdf5c7f6f213a71b05ab22427c6f,mohres/The_Arabic_E-Book_Corpus,train,7d26ca7c2041064a7f36f03ecb4c5c1dd1a15e1a,cc-by-4.0,RELEASED_ATTRIBUTION_REQUIRED
dist_208318d9d5970cf9,arabic_ocr_000075,c3b0ed1d01c3cc07ac0c6387c53565ea866a2b48ed7482d5781866141a04f133,calfa-ai/baybars,train,ce04cd0779386abf25ee24faf84518df33ed41b3,etalab-2.0,RELEASED_ATTRIBUTION_REQUIRED
dist_81fc571c6b770658,arabic_ocr_000012,a1ace0aacef379ad3d6f6ecdff5f6c4b1dd8000086fcc4095354586131af3eeb,ahmedheakl/arocrbench_historicalbooks,train,cbe0684cfc878f281be6d6b11c22f41d32842c00,unspecified,WITHHELD_LICENSE_UNKNOWN_OR_UNCLEAR
dist_59074c5f6aa64b08,arabic_ocr_000049,564d88283b6ea5616b7466ae9c0d89ad175123dd146660d9d45f155417f1fcc1,mohres/The_Arabic_E-Book_Corpus,train,7d26ca7c2041064a7f36f03ecb4c5c1dd1a15e1a,cc-by-4.0,RELEASED_ATTRIBUTION_REQUIRED
dist_99ee522573a6ffcc,arabic_ocr_000086,7b33641a168d5e288025c34dd9a558d262be25aea887f369f2bede14b7998eb0,MohamedRashad/arabic-img2md,train,b259f4e285483107f1585960cfd62e17bdc6c712,gpl-3.0,RELEASED_ATTRIBUTION_REQUIRED
dist_51d58e6e236dcd74,arabic_ocr_000023,bb941b48ccf31edcbb5770763d0a59032af88d442a738496105a05d8c7c890c4,ahmedheakl/arocrbench_tables,train,1fc7dbf1414f82f04c091087af31d30446bd1867,unspecified,WITHHELD_LICENSE_UNKNOWN_OR_UNCLEAR
dist_e3f542e1b39b79be,arabic_ocr_000028,d5afce4db2e4c6b555be6e41edce86b1f96df412e224a34e26f507c3e0dce472,ahmedheakl/arocrbench_historyar,train,4e8d71775498cb10b873453910a2819714b46463,unspecified,WITHHELD_LICENSE_UNKNOWN_OR_UNCLEAR
dist_ccf6347f9a1acb4d,arabic_ocr_000065,47da0af568462a876c0386437478d6d05c2dd134baa59ad5f10f7f48b91daab6,calfa-ai/RASAM-2,train,dd04242a1f18e519df0944d19ae2d868e404d6e5,apache-2.0,RELEASED_ATTRIBUTION_REQUIRED
dist_cc0b59fbbf260b74,arabic_ocr_000002,512818b69641b088f22896187c60831b1df0ed351a554e9b80fe0585f567794d,ahmedheakl/arocrbench_hindawi,train,5693b901e43bb5c72b4b77e4a3efeadfd01739a8,unspecified,WITHHELD_LICENSE_UNKNOWN_OR_UNCLEAR
dist_ae59acc6ae533002,arabic_ocr_000039,f1d35f65a7c98e816b1539bb40bf1780c7e6def0d645ee25eb82731256694507,mohres/The_Arabic_E-Book_Corpus,train,7d26ca7c2041064a7f36f03ecb4c5c1dd1a15e1a,cc-by-4.0,RELEASED_ATTRIBUTION_REQUIRED
dist_7544e0a7213cb78b,arabic_ocr_000076,35567386283a28e45a8b8876bc5e8f4b38d0f24db80edc130b3853c90de739ea,calfa-ai/iskandar,train,8cd27a8a823b4bf7d5f119a3f94ec798fc792ab0,etalab-2.0,RELEASED_ATTRIBUTION_REQUIRED
dist_0baa1e5ce96840e2,arabic_ocr_000013,6e0ede8339bbd5540668083a59b58cb3d0ab4d148573e9c90999951213eece8c,ahmedheakl/arocrbench_historicalbooks,train,cbe0684cfc878f281be6d6b11c22f41d32842c00,unspecified,WITHHELD_LICENSE_UNKNOWN_OR_UNCLEAR
dist_209202aced8b9f00,arabic_ocr_000050,91ccca350b89aa4a2b8c860fce22d6fa2c1aebb44f8f9bfb74e912bcb47b544f,mohres/The_Arabic_E-Book_Corpus,train,7d26ca7c2041064a7f36f03ecb4c5c1dd1a15e1a,cc-by-4.0,RELEASED_ATTRIBUTION_REQUIRED
dist_2b9eecf866d26ec3,arabic_ocr_000087,3a0b3ae24c86c15cd5791f59ce85f8b616deb6fa9f65fa59712ce00d6b5fabdb,MohamedRashad/arabic-img2md,train,b259f4e285483107f1585960cfd62e17bdc6c712,gpl-3.0,RELEASED_ATTRIBUTION_REQUIRED
dist_8d409a5aaa683048,arabic_ocr_000024,84246a47983df041a5616c4b50cc75a72930cc7c280d35db2660fe3f736b0289,ahmedheakl/arocrbench_tables,train,1fc7dbf1414f82f04c091087af31d30446bd1867,unspecified,WITHHELD_LICENSE_UNKNOWN_OR_UNCLEAR
dist_7c8b0600c11615bc,arabic_ocr_000061,a7e4b09309bf3d395528d3520b0d5e288fff33e0a5b2df6b23976a438b9488cd,calfa-ai/RASAM-1,train,0dd7531ae68fb0bfc5cb7b189955cb3002a1ec95,apache-2.0,RELEASED_ATTRIBUTION_REQUIRED
dist_b30b9a0bb8fd6030,arabic_ocr_000098,8c34dd6662e312eb15acb4ad83919b84acb2fc39c900920cdfd45b3c2393c349,craneset/arabic-ocr,train,c7df81cbef12277b46aa592bb0114636d642e6ad,mit,RELEASED_ATTRIBUTION_REQUIRED
dist_a80c0de9bb23748a,arabic_ocr_000035,f58c9742ac03adff9dc92771e058785ebc6cc4ec3aa70b0d19f926b1da088355,mohres/The_Arabic_E-Book_Corpus,train,7d26ca7c2041064a7f36f03ecb4c5c1dd1a15e1a,cc-by-4.0,RELEASED_ATTRIBUTION_REQUIRED
dist_a849595d065dabb6,arabic_ocr_000040,7b4186b0aefd78a49500b9e5b6f9d45c55d7913a2d409f6304267a1d89d5815e,mohres/The_Arabic_E-Book_Corpus,train,7d26ca7c2041064a7f36f03ecb4c5c1dd1a15e1a,cc-by-4.0,RELEASED_ATTRIBUTION_REQUIRED
dist_c0e6db2baa353d95,arabic_ocr_000077,0facd721f7d7e6c6262e085d064ab169b02a1eaa5ed9d11f19abaeb96732c187,calfa-ai/iskandar,train,8cd27a8a823b4bf7d5f119a3f94ec798fc792ab0,etalab-2.0,RELEASED_ATTRIBUTION_REQUIRED
dist_f1c6ffc21d06cc08,arabic_ocr_000014,020db3f7756f93ae8bd3fcac45c5c20095ca0a1f6e02b92da11802f6ed21df83,ahmedheakl/arocrbench_historicalbooks,train,cbe0684cfc878f281be6d6b11c22f41d32842c00,unspecified,WITHHELD_LICENSE_UNKNOWN_OR_UNCLEAR
dist_b0e3aad1fa20ae94,arabic_ocr_000051,4ced79ce1de6661a658fc6d1981858683c67c5efd91573106da54c3f8dfc0e08,calfa-ai/tarima,train,8ccf8adb3dec69f0eb5a54eede92fc0ce465509b,apache-2.0,RELEASED_ATTRIBUTION_REQUIRED
dist_9092d54abd6459ae,arabic_ocr_000088,147fcd39b6e3fab00665e7cb2121247647a0f6733fbcd9a0d103f293cde8a98b,MohamedRashad/arabic-img2md,train,b259f4e285483107f1585960cfd62e17bdc6c712,gpl-3.0,RELEASED_ATTRIBUTION_REQUIRED
dist_95e0d416a18260b4,arabic_ocr_000025,8a6edbbf00471efd39b1a9dccd6bfb8a468cd6ccb17df99e733eb7ea24a61ecc,ahmedheakl/arocrbench_tables,train,1fc7dbf1414f82f04c091087af31d30446bd1867,unspecified,WITHHELD_LICENSE_UNKNOWN_OR_UNCLEAR
dist_7ffbb7c9291660a0,arabic_ocr_000062,f31417e9ecdc5ea5bff649fac6acfceafb2e3bc1455a5df2835b49c83f4702e8,calfa-ai/RASAM-1,train,0dd7531ae68fb0bfc5cb7b189955cb3002a1ec95,apache-2.0,RELEASED_ATTRIBUTION_REQUIRED
dist_7c0579f7859b40e2,arabic_ocr_000099,76bd996b541486f5aaff1059bb77d27c292bccd989f2c321604714cd9a8fb479,craneset/arabic-ocr,train,c7df81cbef12277b46aa592bb0114636d642e6ad,mit,RELEASED_ATTRIBUTION_REQUIRED
dist_b7936cf3eb5b461d,arabic_ocr_000036,203ec3d11858cba53ea55aa2035353bf8b6d9020d64d1cd01299dc84e723e13d,mohres/The_Arabic_E-Book_Corpus,train,7d26ca7c2041064a7f36f03ecb4c5c1dd1a15e1a,cc-by-4.0,RELEASED_ATTRIBUTION_REQUIRED
dist_80e9b86c7bab031c,arabic_ocr_000049,564d88283b6ea5616b7466ae9c0d89ad175123dd146660d9d45f155417f1fcc1,mohres/The_Arabic_E-Book_Corpus,train,7d26ca7c2041064a7f36f03ecb4c5c1dd1a15e1a,cc-by-4.0,RELEASED_ATTRIBUTION_REQUIRED
dist_47852de68f0a35e3,arabic_ocr_000086,7b33641a168d5e288025c34dd9a558d262be25aea887f369f2bede14b7998eb0,MohamedRashad/arabic-img2md,train,b259f4e285483107f1585960cfd62e17bdc6c712,gpl-3.0,RELEASED_ATTRIBUTION_REQUIRED
dist_c7fd8f1223f18ef6,arabic_ocr_000023,bb941b48ccf31edcbb5770763d0a59032af88d442a738496105a05d8c7c890c4,ahmedheakl/arocrbench_tables,train,1fc7dbf1414f82f04c091087af31d30446bd1867,unspecified,WITHHELD_LICENSE_UNKNOWN_OR_UNCLEAR
dist_aa62db315d05ab96,arabic_ocr_000060,230bf594b9f0895e8a1d6c0af7bc581d2cfc4b4dde02705d8286722cca2795f8,calfa-ai/RASAM-1,train,0dd7531ae68fb0bfc5cb7b189955cb3002a1ec95,apache-2.0,RELEASED_ATTRIBUTION_REQUIRED
dist_dc766d973a2a0f31,arabic_ocr_000097,a2620be67b7049c5c916f5086f73cdc2ee9a6a7a707b44e642646d5740869a39,craneset/arabic-ocr,train,c7df81cbef12277b46aa592bb0114636d642e6ad,mit,RELEASED_ATTRIBUTION_REQUIRED
dist_4ab1961707049a0f,arabic_ocr_000034,e4126041560b3800c14b2934abb836eec9a06bd882c86f76e77cc8e3743b44bc,mohres/The_Arabic_E-Book_Corpus,train,7d26ca7c2041064a7f36f03ecb4c5c1dd1a15e1a,cc-by-4.0,RELEASED_ATTRIBUTION_REQUIRED
dist_4ef9d46a31fb09b2,arabic_ocr_000071,ec4049c303e1e2e493f3dae15a35763502f3e390a571405f7064bdf35fe89fc6,calfa-ai/baybars,train,ce04cd0779386abf25ee24faf84518df33ed41b3,etalab-2.0,RELEASED_ATTRIBUTION_REQUIRED
dist_2d81d1a4372623bf,arabic_ocr_000008,4436cff6e00617505b3faf18011cd61095264600b19fcf6f2f136896e1d4c6ba,ahmedheakl/arocrbench_hindawi,train,5693b901e43bb5c72b4b77e4a3efeadfd01739a8,unspecified,WITHHELD_LICENSE_UNKNOWN_OR_UNCLEAR
dist_4d04d2ed0cf27a7c,arabic_ocr_000045,18746fca32511792ce764de83e8fe40204d93b01c530a9da19fe6c58ad0d3feb,mohres/The_Arabic_E-Book_Corpus,train,7d26ca7c2041064a7f36f03ecb4c5c1dd1a15e1a,cc-by-4.0,RELEASED_ATTRIBUTION_REQUIRED
dist_fe3e5d48bcf3b381,arabic_ocr_000058,3a9bcf46b1ce195a6350d14774c0a013206b9f7037dc2d797df22f7422ab846b,calfa-ai/tarima,train,8ccf8adb3dec69f0eb5a54eede92fc0ce465509b,apache-2.0,RELEASED_ATTRIBUTION_REQUIRED
dist_d343e3e07de58530,arabic_ocr_000095,4b5932941e17e5f291bea44bfbc5c0be6b696f3a20c1d8eab8ef25b831c857ca,MohamedRashad/arabic-img2md,train,b259f4e285483107f1585960cfd62e17bdc6c712,gpl-3.0,RELEASED_ATTRIBUTION_REQUIRED
dist_b619ce11ebbfb44b,arabic_ocr_000032,ce17841c7f0e0d9ca3dae1263df1fe313910018aa89055c781adb3b36c7fb12d,mohres/The_Arabic_E-Book_Corpus,train,7d26ca7c2041064a7f36f03ecb4c5c1dd1a15e1a,cc-by-4.0,RELEASED_ATTRIBUTION_REQUIRED
dist_d8dc97b4cf17a670,arabic_ocr_000069,ba67de2bb7e784ec1900c5292e06cb0d38ac37255e9e8682731f0ed4925f6fe6,calfa-ai/RASAM-2,train,dd04242a1f18e519df0944d19ae2d868e404d6e5,apache-2.0,RELEASED_ATTRIBUTION_REQUIRED
dist_14a68aa4d4edd0b2,arabic_ocr_000006,00cca059f3cb7218239212c941e6ce3ca7d8d29a645ad45bbb621df2604599b4,ahmedheakl/arocrbench_hindawi,train,5693b901e43bb5c72b4b77e4a3efeadfd01739a8,unspecified,WITHHELD_LICENSE_UNKNOWN_OR_UNCLEAR
dist_209fef3d1ebc4d1a,arabic_ocr_000043,7c362f59c42e203e7605240c572ff54409a80dcaa7b1d697b14b0ea06f2ea685,mohres/The_Arabic_E-Book_Corpus,train,7d26ca7c2041064a7f36f03ecb4c5c1dd1a15e1a,cc-by-4.0,RELEASED_ATTRIBUTION_REQUIRED
dist_a6de1c456d2fe1c7,arabic_ocr_000080,aef23f3ab9be379de233c38afc5041b797814e82f2ce47954dc8260efc547d23,calfa-ai/iskandar,train,8cd27a8a823b4bf7d5f119a3f94ec798fc792ab0,etalab-2.0,RELEASED_ATTRIBUTION_REQUIRED
dist_9b86d75d76752479,arabic_ocr_000017,953644d78d77521a35b3b2e27bb80b424865774a6705b14e4b15d6dc67327f08,ahmedheakl/arocrbench_khattparagraph,train,d0e44472833d6de53ff23ca0cb1d36c77a213581,unspecified,WITHHELD_LICENSE_UNKNOWN_OR_UNCLEAR
dist_fff4dc4b3f86b385,arabic_ocr_000054,1431b915797ef2399b42e1c02ef9979707c16761b4ff244500093ce61ed07082,calfa-ai/tarima,train,8ccf8adb3dec69f0eb5a54eede92fc0ce465509b,apache-2.0,RELEASED_ATTRIBUTION_REQUIRED
dist_f15370acb8f8b631,arabic_ocr_000067,1edfd7951c002f17e1f03b6978973cc0bc39346eadd42bccdc18ba7bb5e67f4b,calfa-ai/RASAM-2,train,dd04242a1f18e519df0944d19ae2d868e404d6e5,apache-2.0,RELEASED_ATTRIBUTION_REQUIRED
dist_a2e6646527859cc9,arabic_ocr_000008,4436cff6e00617505b3faf18011cd61095264600b19fcf6f2f136896e1d4c6ba,ahmedheakl/arocrbench_hindawi,train,5693b901e43bb5c72b4b77e4a3efeadfd01739a8,unspecified,WITHHELD_LICENSE_UNKNOWN_OR_UNCLEAR
dist_a6aa584f1f563af1,arabic_ocr_000049,564d88283b6ea5616b7466ae9c0d89ad175123dd146660d9d45f155417f1fcc1,mohres/The_Arabic_E-Book_Corpus,train,7d26ca7c2041064a7f36f03ecb4c5c1dd1a15e1a,cc-by-4.0,RELEASED_ATTRIBUTION_REQUIRED
dist_85645a47fbcd4a17,arabic_ocr_000090,eccf56b734ec99fc8f1fc1cf825035e9f16f67d50dc4dc9459811d992dcaacf8,MohamedRashad/arabic-img2md,train,b259f4e285483107f1585960cfd62e17bdc6c712,gpl-3.0,RELEASED_ATTRIBUTION_REQUIRED
dist_a65adc130f4620a6,arabic_ocr_000071,ec4049c303e1e2e493f3dae15a35763502f3e390a571405f7064bdf35fe89fc6,calfa-ai/baybars,train,ce04cd0779386abf25ee24faf84518df33ed41b3,etalab-2.0,RELEASED_ATTRIBUTION_REQUIRED
dist_ec5b8eed91673c91,arabic_ocr_000012,a1ace0aacef379ad3d6f6ecdff5f6c4b1dd8000086fcc4095354586131af3eeb,ahmedheakl/arocrbench_historicalbooks,train,cbe0684cfc878f281be6d6b11c22f41d32842c00,unspecified,WITHHELD_LICENSE_UNKNOWN_OR_UNCLEAR
dist_7a00641622c00848,arabic_ocr_000053,0ab07df101cec47e7252f7e284226ba012e90fe3fbf19a8e6b51783f27231f74,calfa-ai/tarima,train,8ccf8adb3dec69f0eb5a54eede92fc0ce465509b,apache-2.0,RELEASED_ATTRIBUTION_REQUIRED
dist_76b5dc4a775c7562,arabic_ocr_000094,0417e57e72df903865ead6e4439c7e986f7a81e3e064dc6508e662790db80a5a,MohamedRashad/arabic-img2md,train,b259f4e285483107f1585960cfd62e17bdc6c712,gpl-3.0,RELEASED_ATTRIBUTION_REQUIRED
dist_e61e905caae83169,arabic_ocr_000035,f58c9742ac03adff9dc92771e058785ebc6cc4ec3aa70b0d19f926b1da088355,mohres/The_Arabic_E-Book_Corpus,train,7d26ca7c2041064a7f36f03ecb4c5c1dd1a15e1a,cc-by-4.0,RELEASED_ATTRIBUTION_REQUIRED
dist_8577d0eb1449cbdc,arabic_ocr_000076,35567386283a28e45a8b8876bc5e8f4b38d0f24db80edc130b3853c90de739ea,calfa-ai/iskandar,train,8cd27a8a823b4bf7d5f119a3f94ec798fc792ab0,etalab-2.0,RELEASED_ATTRIBUTION_REQUIRED
dist_9fe6d2c99ddda577,arabic_ocr_000017,953644d78d77521a35b3b2e27bb80b424865774a6705b14e4b15d6dc67327f08,ahmedheakl/arocrbench_khattparagraph,train,d0e44472833d6de53ff23ca0cb1d36c77a213581,unspecified,WITHHELD_LICENSE_UNKNOWN_OR_UNCLEAR
dist_8fc3e5ac85004989,arabic_ocr_000058,3a9bcf46b1ce195a6350d14774c0a013206b9f7037dc2d797df22f7422ab846b,calfa-ai/tarima,train,8ccf8adb3dec69f0eb5a54eede92fc0ce465509b,apache-2.0,RELEASED_ATTRIBUTION_REQUIRED
dist_56aa5b782b287797,arabic_ocr_000099,76bd996b541486f5aaff1059bb77d27c292bccd989f2c321604714cd9a8fb479,craneset/arabic-ocr,train,c7df81cbef12277b46aa592bb0114636d642e6ad,mit,RELEASED_ATTRIBUTION_REQUIRED
dist_24278ad2b62fc43f,arabic_ocr_000040,7b4186b0aefd78a49500b9e5b6f9d45c55d7913a2d409f6304267a1d89d5815e,mohres/The_Arabic_E-Book_Corpus,train,7d26ca7c2041064a7f36f03ecb4c5c1dd1a15e1a,cc-by-4.0,RELEASED_ATTRIBUTION_REQUIRED
dist_7388976f99c0123b,arabic_ocr_000081,fa553d1e39b806bb0567bf549ca681f578b7ffb1b6d73dd0711b6c37e83ff010,MohamedRashad/arabic-img2md,train,b259f4e285483107f1585960cfd62e17bdc6c712,gpl-3.0,RELEASED_ATTRIBUTION_REQUIRED
dist_c4cd49fedca675f6,arabic_ocr_000022,bef2f74b7af15cdb68f0101d09348f3335caed762418570d61d6b6c5a321f697,ahmedheakl/arocrbench_doclaynet,train,92853b44e9259cbdbbbb3cb84ae9ced036d58c3f,unspecified,WITHHELD_LICENSE_UNKNOWN_OR_UNCLEAR
dist_e929d5935b7d6a17,arabic_ocr_000063,650b639ee582d628f839b89d37705b8b0d90a970ae81d97cd97268a7011f95ea,calfa-ai/RASAM-1,train,0dd7531ae68fb0bfc5cb7b189955cb3002a1ec95,apache-2.0,RELEASED_ATTRIBUTION_REQUIRED
dist_4c265aa169cf1581,arabic_ocr_000004,7b8a2e41912ba578ed86083a819726224c7a1d4454d525f5a2734fa26d0395d9,ahmedheakl/arocrbench_hindawi,train,5693b901e43bb5c72b4b77e4a3efeadfd01739a8,unspecified,WITHHELD_LICENSE_UNKNOWN_OR_UNCLEAR
dist_3380a91f74f0d92a,arabic_ocr_000085,f4b4b5d4f9f1dc09f89470fc0383c18d3be0e222b110e249298a5ba359491dfe,MohamedRashad/arabic-img2md,train,b259f4e285483107f1585960cfd62e17bdc6c712,gpl-3.0,RELEASED_ATTRIBUTION_REQUIRED
dist_b1a7e7bd5f4cc22c,arabic_ocr_000026,13c1be7dae0b30cdd0da702f74de7e209ad476aa61feac83e393524aace07d12,ahmedheakl/arocrbench_tables,train,1fc7dbf1414f82f04c091087af31d30446bd1867,unspecified,WITHHELD_LICENSE_UNKNOWN_OR_UNCLEAR
dist_f858e4da71691130,arabic_ocr_000067,1edfd7951c002f17e1f03b6978973cc0bc39346eadd42bccdc18ba7bb5e67f4b,calfa-ai/RASAM-2,train,dd04242a1f18e519df0944d19ae2d868e404d6e5,apache-2.0,RELEASED_ATTRIBUTION_REQUIRED
dist_d6c44a17ddd4d4e3,arabic_ocr_000008,4436cff6e00617505b3faf18011cd61095264600b19fcf6f2f136896e1d4c6ba,ahmedheakl/arocrbench_hindawi,train,5693b901e43bb5c72b4b77e4a3efeadfd01739a8,unspecified,WITHHELD_LICENSE_UNKNOWN_OR_UNCLEAR
dist_493f92654c7a786c,arabic_ocr_000089,24f9db4d19edc385d2895c7b43119708b95216ee517f53282d5e5ca62680784a,MohamedRashad/arabic-img2md,train,b259f4e285483107f1585960cfd62e17bdc6c712,gpl-3.0,RELEASED_ATTRIBUTION_REQUIRED
dist_197d6b7cd62f0e99,arabic_ocr_000030,95a30a88b5d63c9349bf1e7a13e085ed3e7df93a0f8a3e990f91c2f99786c7e9,ahmedheakl/arocrbench_historyar,train,4e8d71775498cb10b873453910a2819714b46463,unspecified,WITHHELD_LICENSE_UNKNOWN_OR_UNCLEAR
dist_dd893602456c12af,arabic_ocr_000071,ec4049c303e1e2e493f3dae15a35763502f3e390a571405f7064bdf35fe89fc6,calfa-ai/baybars,train,ce04cd0779386abf25ee24faf84518df33ed41b3,etalab-2.0,RELEASED_ATTRIBUTION_REQUIRED
dist_8b647513b8a11360,arabic_ocr_000012,a1ace0aacef379ad3d6f6ecdff5f6c4b1dd8000086fcc4095354586131af3eeb,ahmedheakl/arocrbench_historicalbooks,train,cbe0684cfc878f281be6d6b11c22f41d32842c00,unspecified,WITHHELD_LICENSE_UNKNOWN_OR_UNCLEAR
dist_48ca82ad05989502,arabic_ocr_000053,0ab07df101cec47e7252f7e284226ba012e90fe3fbf19a8e6b51783f27231f74,calfa-ai/tarima,train,8ccf8adb3dec69f0eb5a54eede92fc0ce465509b,apache-2.0,RELEASED_ATTRIBUTION_REQUIRED
dist_a3de949b253710bc,arabic_ocr_000094,0417e57e72df903865ead6e4439c7e986f7a81e3e064dc6508e662790db80a5a,MohamedRashad/arabic-img2md,train,b259f4e285483107f1585960cfd62e17bdc6c712,gpl-3.0,RELEASED_ATTRIBUTION_REQUIRED
dist_6c23f887c352bdba,arabic_ocr_000035,f58c9742ac03adff9dc92771e058785ebc6cc4ec3aa70b0d19f926b1da088355,mohres/The_Arabic_E-Book_Corpus,train,7d26ca7c2041064a7f36f03ecb4c5c1dd1a15e1a,cc-by-4.0,RELEASED_ATTRIBUTION_REQUIRED
dist_9ce6cd54119cc24e,arabic_ocr_000076,35567386283a28e45a8b8876bc5e8f4b38d0f24db80edc130b3853c90de739ea,calfa-ai/iskandar,train,8cd27a8a823b4bf7d5f119a3f94ec798fc792ab0,etalab-2.0,RELEASED_ATTRIBUTION_REQUIRED
dist_1506e80c4b0d2427,arabic_ocr_000017,953644d78d77521a35b3b2e27bb80b424865774a6705b14e4b15d6dc67327f08,ahmedheakl/arocrbench_khattparagraph,train,d0e44472833d6de53ff23ca0cb1d36c77a213581,unspecified,WITHHELD_LICENSE_UNKNOWN_OR_UNCLEAR
dist_f1c56a73b1c8186c,arabic_ocr_000058,3a9bcf46b1ce195a6350d14774c0a013206b9f7037dc2d797df22f7422ab846b,calfa-ai/tarima,train,8ccf8adb3dec69f0eb5a54eede92fc0ce465509b,apache-2.0,RELEASED_ATTRIBUTION_REQUIRED
dist_b6c0707da478e4e4,arabic_ocr_000099,76bd996b541486f5aaff1059bb77d27c292bccd989f2c321604714cd9a8fb479,craneset/arabic-ocr,train,c7df81cbef12277b46aa592bb0114636d642e6ad,mit,RELEASED_ATTRIBUTION_REQUIRED
dist_3c27c998d245a8e7,arabic_ocr_000040,7b4186b0aefd78a49500b9e5b6f9d45c55d7913a2d409f6304267a1d89d5815e,mohres/The_Arabic_E-Book_Corpus,train,7d26ca7c2041064a7f36f03ecb4c5c1dd1a15e1a,cc-by-4.0,RELEASED_ATTRIBUTION_REQUIRED
dist_e9e844c03ed4df24,arabic_ocr_000081,fa553d1e39b806bb0567bf549ca681f578b7ffb1b6d73dd0711b6c37e83ff010,MohamedRashad/arabic-img2md,train,b259f4e285483107f1585960cfd62e17bdc6c712,gpl-3.0,RELEASED_ATTRIBUTION_REQUIRED
dist_4ad67030107c0434,arabic_ocr_000022,bef2f74b7af15cdb68f0101d09348f3335caed762418570d61d6b6c5a321f697,ahmedheakl/arocrbench_doclaynet,train,92853b44e9259cbdbbbb3cb84ae9ced036d58c3f,unspecified,WITHHELD_LICENSE_UNKNOWN_OR_UNCLEAR
