"raw_name","canonical_name","evidence"
"hunyuanocr","HunyuanOCR-1.5","Raw model field in 177-row results; historical FINAL_RESULTS version mapping."
"HunyuanOCR-1.5","HunyuanOCR-1.5","Historical FINAL_RESULTS model/version."
"ain","MBZUAI/AIN-7B","Raw model field in 177-row AIN run; historical FINAL_RESULTS model/version."
"AIN-7B","MBZUAI/AIN-7B","Historical FINAL_RESULTS version."
"ain_native_fa2_96gb_20260826","MBZUAI/AIN-7B","Canonical run identifier tied to the 177-row AIN results."
"qari","Qari OCR 0.4.0","Raw model field in 177-row results; historical FINAL_RESULTS version mapping."
"qari_native_full","Qari OCR 0.4.0","Canonical run identifier tied to the 177-row Qari results."
"qwen3_vl_4b","Qwen3-VL-4B-Instruct","Raw model field and historical FINAL_RESULTS mapping."
"deepseek_ocr_2","DeepSeek-OCR-2","Raw model field and historical FINAL_RESULTS mapping."
"arabic_nougat","Arabic Nougat Large","Raw model field and historical FINAL_RESULTS mapping."
"dots_mocr","dots.mocr","Raw model field in partial and smoke outputs; historical FINAL_RESULTS mapping."
"dots_mocr_native_fa2_96gb_20260827","dots.mocr","Canonical partial-run identifier tied to the 30-row results."
"paddleocr_vl","PaddleOCR-VL-1.6","Raw model field in smoke outputs; historical FINAL_RESULTS mapping."
