sample_id,distortion_type,distorted_image_sha256,original_image_sha256,ground_truth_sha256,source_dataset,source_split,source_repository_revision,source_original_sample_id,image_public_release,ground_truth_public_release
dist_b1aa183ffd20fcdf,blur,7e81d21131873d5dddcd9a57552dee492a3c51421e6d4728ebe38bf54ab5b1c4,174336c5b029760e7118fc68ad90c1f86d52705af2e96002b90baed7caf58258,13c1be7dae0b30cdd0da702f74de7e209ad476aa61feac83e393524aace07d12,ahmedheakl/arocrbench_tables,train,1fc7dbf1414f82f04c091087af31d30446bd1867,409,WITHHELD_REDISTRIBUTION_REVIEW,WITHHELD_LICENSE_UNKNOWN_OR_UNCLEAR
dist_9ef29038a70a01b5,blur,ab355e5268027184510706fb8b622255849f5eeb4d2df3d736d5e301139de285,91a771f725a9203ef504a24872de1912e1b7d9b66589398e3d341c722d0abe50,650b639ee582d628f839b89d37705b8b0d90a970ae81d97cd97268a7011f95ea,calfa-ai/RASAM-1,train,0dd7531ae68fb0bfc5cb7b189955cb3002a1ec95,00025,WITHHELD_REDISTRIBUTION_REVIEW,RELEASED_ATTRIBUTION_REQUIRED
dist_2822391c4100c975,blur,57b4d0f31d0adf9c8726e5d4902349755560d758ae24d94e75d85c6af16345f3,e12479e59fc610d00df75d6ff5a67f6606695a3dd156f654e90edeba548505f7,2b529506f4ed66bd63b37b464403c2c678b8d320d103ca2fb47d7ae93e2eaedb,craneset/arabic-ocr,train,c7df81cbef12277b46aa592bb0114636d642e6ad,segment_00030_page_00005,WITHHELD_REDISTRIBUTION_REVIEW,RELEASED_ATTRIBUTION_REQUIRED
dist_b831ac2aeed3882c,blur,764f3e7071a479a33f569b1bcaad3a07e8f410f27f1b065a89f2b545a0156e9e,1a77461fecc8897915ed4de70fca36be08f2163e02e25ab584e7da731d72993a,d83f614e08b35b09cc5065da57a06466100d9dac05bc1408e5195eedfdb8592a,mohres/The_Arabic_E-Book_Corpus,train,7d26ca7c2041064a7f36f03ecb4c5c1dd1a15e1a,522,WITHHELD_REDISTRIBUTION_REVIEW,RELEASED_ATTRIBUTION_REQUIRED
dist_084add2efb187d36,blur,7d775d1af9a2420fa8c05cee1793ccea1ae459a984206ef8564fb6a896eebcdf,1b88d267c49a356f46a708ceedf1b27cbc61e8482f351b333ceaf30ebbab3734,dd2ddea9e74995e6971cf24484c214beb6ba37bf9e3364ea9ee2447195bb7c27,calfa-ai/baybars,train,ce04cd0779386abf25ee24faf84518df33ed41b3,l145b-019,WITHHELD_REDISTRIBUTION_REVIEW,RELEASED_ATTRIBUTION_REQUIRED
dist_2ba835cb56dfabbf,blur,3c8415252cf48a2ba3f0586d30511584aa67973564b15295fe089ebe9b74f58b,6371b7838698de8d73404080650213b2a649dd4aaa7e58ced928430b32a78d4a,bee3f767682ca18bf1fc0e9976566b4bd627b6ff010ac17318d9729c978730e3,ahmedheakl/arocrbench_historicalbooks,train,cbe0684cfc878f281be6d6b11c22f41d32842c00,3,WITHHELD_REDISTRIBUTION_REVIEW,WITHHELD_LICENSE_UNKNOWN_OR_UNCLEAR
dist_32cac681cb8cfa40,blur,bec91ace2a6212ffa603f0e85a562ff33dca9481c7123d762c012573233e99a0,d40d90d6bab767c8f653ddf9d37a7abb17c99f495fe800f5326c2ebcb48e56fc,020993a1043d07c32c996c09850c6e07262bf6cfcd3b18eff32eec67288346e1,mohres/The_Arabic_E-Book_Corpus,train,7d26ca7c2041064a7f36f03ecb4c5c1dd1a15e1a,1479,WITHHELD_REDISTRIBUTION_REVIEW,RELEASED_ATTRIBUTION_REQUIRED
dist_cfbb04d92a4c1d1a,blur,b1042444d5743525b8917e8e868f177c9b84935ba0a556a3f80764f89c5c5103,2f6c6bafb8da0c00f1210f04a096e77f5811bf4f2eaef70f4a94b1e6b25fa548,f4b4b5d4f9f1dc09f89470fc0383c18d3be0e222b110e249298a5ba359491dfe,MohamedRashad/arabic-img2md,train,b259f4e285483107f1585960cfd62e17bdc6c712,1500,WITHHELD_REDISTRIBUTION_REVIEW,RELEASED_ATTRIBUTION_REQUIRED
dist_4d1d42e7ac672747,blur,b03cf81e612a9059490070a59400026b2d466cabf730ed2b9362714006ccbdbf,3b4340e50b7b3433c5cfe5fecf8cbec015ee580e130b9c1b0f24decb196b015f,bef2f74b7af15cdb68f0101d09348f3335caed762418570d61d6b6c5a321f697,ahmedheakl/arocrbench_doclaynet,train,92853b44e9259cbdbbbb3cb84ae9ced036d58c3f,464,WITHHELD_REDISTRIBUTION_REVIEW,WITHHELD_LICENSE_UNKNOWN_OR_UNCLEAR
dist_25c4ca6e652857ff,blur,2d65f28859c5e2f004e42c50d8a1a19a5bf04799f03dd014ec55bf016caa1381,c60f5039bc2e0d7a3fe09bf44f1a4253eb9bdbd46c797c83cd70b0e64320e1e1,cc00f6950367aa8643321bd8cc9dda6444e90be148417635dc1325c8714686d9,calfa-ai/RASAM-1,train,0dd7531ae68fb0bfc5cb7b189955cb3002a1ec95,0029,WITHHELD_REDISTRIBUTION_REVIEW,RELEASED_ATTRIBUTION_REQUIRED
dist_b71a399f97e38a43,blur,7443a7b3f0062f65ed7e7ecc1e37f201a0e9495024fd84d89d76e55f62e858a6,2fe46ed31dec072f9877f4a1c05bab6afbbea2642f98cf75bd78ce966325176b,d2654eac3e84b864e3782d44e69325a6e7a06a869020e4f993aa74317f891dda,craneset/arabic-ocr,train,c7df81cbef12277b46aa592bb0114636d642e6ad,segment_00030_page_00001,WITHHELD_REDISTRIBUTION_REVIEW,RELEASED_ATTRIBUTION_REQUIRED
dist_de59ccc5709ff25b,blur,b2ce71861224239ddc862a5de73d2c489befaf37954f1ee804a60c43020218a3,ed2cb89ace8e2f33e2346d1ea38344a5354da9cb633022b2f43e8a087c1eeb91,a0dcf48bb25dfb50ec143c76a564735ab991b64c75f32b5da3f316d0b5e1c0f3,mohres/The_Arabic_E-Book_Corpus,train,7d26ca7c2041064a7f36f03ecb4c5c1dd1a15e1a,174,WITHHELD_REDISTRIBUTION_REVIEW,RELEASED_ATTRIBUTION_REQUIRED
dist_d81844ae32aab663,blur,8f099b4baa2765fa914d4e000ebbf34c134dc22f39364194aed025f3ab904516,8596c076e8172ce83cfc8ca546f6fae9c6d6390ee5daead982b8943324ce8cae,27a2c751ddf847da19460c3b54831213b05cb95b059dd28fde9631dba7a9d75f,calfa-ai/RASAM-2,train,dd04242a1f18e519df0944d19ae2d868e404d6e5,0314,WITHHELD_REDISTRIBUTION_REVIEW,RELEASED_ATTRIBUTION_REQUIRED
dist_035d7671b45266be,blur,eea2b76c5908fb3e624f0ee70cc4c4ee8cbddf25bbc0905207f276a347bc2768,3b2fa970b74d057e83e6a374c0071176711ac529cd943d0b7fcdf79919087977,f6be1fb01fb180aaa55b5e75c065815aed5a0d92900d18447c30ca1432b660cc,ahmedheakl/arocrbench_hindawi,train,5693b901e43bb5c72b4b77e4a3efeadfd01739a8,131,WITHHELD_REDISTRIBUTION_REVIEW,WITHHELD_LICENSE_UNKNOWN_OR_UNCLEAR
dist_7b88ffdd6d81f6b1,blur,20349917e34ad4246a4597a197dab0a82096250b82930a84e0a3ce720a76d9cd,c652c2e48153ab0a3e2231152c01995839e15269e67432fcca0c63c87ad06ce5,ccabb760124a6c6fad3be3412d5a3dd21c6e8e55fe3e664f1f94dbd2e9c30299,mohres/The_Arabic_E-Book_Corpus,train,7d26ca7c2041064a7f36f03ecb4c5c1dd1a15e1a,1131,WITHHELD_REDISTRIBUTION_REVIEW,RELEASED_ATTRIBUTION_REQUIRED
dist_ad1006a0f977266b,blur,4ba8426411d91e6c175911c61550db503c7be2bedc116d1bbc536adc036e44e4,d692a26930d6af7aa82724f67ce0512ba091669e88fa91633ce269c475f3acf4,fa553d1e39b806bb0567bf549ca681f578b7ffb1b6d73dd0711b6c37e83ff010,MohamedRashad/arabic-img2md,train,b259f4e285483107f1585960cfd62e17bdc6c712,0,WITHHELD_REDISTRIBUTION_REVIEW,RELEASED_ATTRIBUTION_REQUIRED
dist_5f7eb816a16871fd,blur,91d7fbc8c7f361c3c94fa5dfbc6a8d7c0319bebcc21feff7f588a781f574d24d,5f36c776e5c68e65ed63eb8dc3b168dbdc30ca47c9d8b13c5a8ceadf8e2fcd4a,bedf0e1c6041cecb0989f110a1e8d3f891a09050a9af73521770ee754e15e8d3,ahmedheakl/arocrbench_khattparagraph,train,d0e44472833d6de53ff23ca0cb1d36c77a213581,113,WITHHELD_REDISTRIBUTION_REVIEW,WITHHELD_LICENSE_UNKNOWN_OR_UNCLEAR
dist_dea9283575da80cd,blur,ecf32c05b0847dd1f4d4c8bcbff45c27a736fcdedc511178f4e3a0b4cfeaceb7,3bf74a6c835f2f9332deb51e6abf0e92189bfe3a6d548bc5b5288944bfb87a3d,83058dc170d295334f31e1b0aeeb020d33d8eba795338bf4f64b0cb5f340f49f,calfa-ai/tarima,train,8ccf8adb3dec69f0eb5a54eede92fc0ce465509b,000289,WITHHELD_REDISTRIBUTION_REVIEW,RELEASED_ATTRIBUTION_REQUIRED
dist_6f35b0a2736e7c25,blur,c752686f43104029783a153ad1d3ae831361a84a0e5d0186e51d869e2ae1d990,33dd7c4fecbb5fe53af6fa0b874747668f84df3d9f0c670d706088454963a7e2,9c45c6ece415cc44816a31247ef792d6e4b39c955956f5194af5ecfab3347588,MohamedRashad/arabic-img2md,train,b259f4e285483107f1585960cfd62e17bdc6c712,10001,WITHHELD_REDISTRIBUTION_REVIEW,RELEASED_ATTRIBUTION_REQUIRED
dist_e9f62a976df86b0e,blur,5ccd88be00985b2031c08e6ad68afaff81bbf3360775ee4651fadb6f34fb2fae,fd2b127c8d9a4f5708d7b3475d29817beeba9cc97802831b7fad62a060b2fd55,ad6b3eab72e4dc820057c494c70bcf9f80f9e11036e8767e1c66f3c3ba99d377,ahmedheakl/arocrbench_historyar,train,4e8d71775498cb10b873453910a2819714b46463,129,WITHHELD_REDISTRIBUTION_REVIEW,WITHHELD_LICENSE_UNKNOWN_OR_UNCLEAR
dist_0c866b39a5c00d81,blur,140780783c54bf75fbd1c7340ea848b92e05cf94727168f0c3f4ab83c9719e87,3d4349f3d2fb258c4ad00249c28a0b89b72293e246a90556bf28e39b28165a47,7f3a397917cc033daf9c6cb4950fe3cdbbaf675b03e59facfa27b37ae51657b6,calfa-ai/RASAM-2,train,dd04242a1f18e519df0944d19ae2d868e404d6e5,178749,WITHHELD_REDISTRIBUTION_REVIEW,RELEASED_ATTRIBUTION_REQUIRED
dist_0e7f25b5ede8387a,blur,8b429cd76b101529a536a338cff45eeef87bfc217e0d73d0c5390461fa18c638,92ebf9afc7ed08e887a0223219bcc457d78d99a48294891bffb551c9f44a6bab,9103097c8d656f7a22179bc0e29d789108c1ed4e9fa6f7835ef7a5c935b4ab47,ahmedheakl/arocrbench_hindawi,train,5693b901e43bb5c72b4b77e4a3efeadfd01739a8,19,WITHHELD_REDISTRIBUTION_REVIEW,WITHHELD_LICENSE_UNKNOWN_OR_UNCLEAR
dist_a117414513a7ac2c,jpeg,c639078257ab81cd00270b729c4575d2b6e21a98311c7b5c9ffe9a4af2a4490b,d40d90d6bab767c8f653ddf9d37a7abb17c99f495fe800f5326c2ebcb48e56fc,020993a1043d07c32c996c09850c6e07262bf6cfcd3b18eff32eec67288346e1,mohres/The_Arabic_E-Book_Corpus,train,7d26ca7c2041064a7f36f03ecb4c5c1dd1a15e1a,1479,WITHHELD_REDISTRIBUTION_REVIEW,RELEASED_ATTRIBUTION_REQUIRED
dist_676ce44dc8f746a3,jpeg,6176eee55a0fab4b45e46234d1f21eacf5bff06df9af4d35602a70ba62a7275f,2f6c6bafb8da0c00f1210f04a096e77f5811bf4f2eaef70f4a94b1e6b25fa548,f4b4b5d4f9f1dc09f89470fc0383c18d3be0e222b110e249298a5ba359491dfe,MohamedRashad/arabic-img2md,train,b259f4e285483107f1585960cfd62e17bdc6c712,1500,WITHHELD_REDISTRIBUTION_REVIEW,RELEASED_ATTRIBUTION_REQUIRED
dist_6f8a10ebc5fab357,jpeg,81aee79326fdec32e8e065a1e30baefca23c2edf7e36bbf2c6ad55f7b37c271d,3b4340e50b7b3433c5cfe5fecf8cbec015ee580e130b9c1b0f24decb196b015f,bef2f74b7af15cdb68f0101d09348f3335caed762418570d61d6b6c5a321f697,ahmedheakl/arocrbench_doclaynet,train,92853b44e9259cbdbbbb3cb84ae9ced036d58c3f,464,WITHHELD_REDISTRIBUTION_REVIEW,WITHHELD_LICENSE_UNKNOWN_OR_UNCLEAR
dist_17cc3f21932b4c78,jpeg,5724642a4fd39f3bd6341fbb6269aa39e8251aaa6d6a28ea1f8e0b33d83487f4,c60f5039bc2e0d7a3fe09bf44f1a4253eb9bdbd46c797c83cd70b0e64320e1e1,cc00f6950367aa8643321bd8cc9dda6444e90be148417635dc1325c8714686d9,calfa-ai/RASAM-1,train,0dd7531ae68fb0bfc5cb7b189955cb3002a1ec95,0029,WITHHELD_REDISTRIBUTION_REVIEW,RELEASED_ATTRIBUTION_REQUIRED
dist_77ca6273e7dbe50f,jpeg,e109e50a8cf2d52ab3cd3281b0d7d9fc62555cb58d6d5a58bdedc587a4f7a40d,2fe46ed31dec072f9877f4a1c05bab6afbbea2642f98cf75bd78ce966325176b,d2654eac3e84b864e3782d44e69325a6e7a06a869020e4f993aa74317f891dda,craneset/arabic-ocr,train,c7df81cbef12277b46aa592bb0114636d642e6ad,segment_00030_page_00001,WITHHELD_REDISTRIBUTION_REVIEW,RELEASED_ATTRIBUTION_REQUIRED
dist_2b2ffa5ab69772d4,jpeg,71687ce147fc9a162eef21f090ab51fb2aa72ae90952f32299d43f9ba31b15c3,ed2cb89ace8e2f33e2346d1ea38344a5354da9cb633022b2f43e8a087c1eeb91,a0dcf48bb25dfb50ec143c76a564735ab991b64c75f32b5da3f316d0b5e1c0f3,mohres/The_Arabic_E-Book_Corpus,train,7d26ca7c2041064a7f36f03ecb4c5c1dd1a15e1a,174,WITHHELD_REDISTRIBUTION_REVIEW,RELEASED_ATTRIBUTION_REQUIRED
dist_8bcaa349fa14f63a,jpeg,4f967b1e27b43c956dd57798c6e5be8021bcca6b39d71af7b197aefc325569f1,8596c076e8172ce83cfc8ca546f6fae9c6d6390ee5daead982b8943324ce8cae,27a2c751ddf847da19460c3b54831213b05cb95b059dd28fde9631dba7a9d75f,calfa-ai/RASAM-2,train,dd04242a1f18e519df0944d19ae2d868e404d6e5,0314,WITHHELD_REDISTRIBUTION_REVIEW,RELEASED_ATTRIBUTION_REQUIRED
dist_bca0fef5eb5434b1,jpeg,c893310d24c84412d0a5275d1adb432a8e6b70ec0e682739a08c03dff2ebc64a,3b2fa970b74d057e83e6a374c0071176711ac529cd943d0b7fcdf79919087977,f6be1fb01fb180aaa55b5e75c065815aed5a0d92900d18447c30ca1432b660cc,ahmedheakl/arocrbench_hindawi,train,5693b901e43bb5c72b4b77e4a3efeadfd01739a8,131,WITHHELD_REDISTRIBUTION_REVIEW,WITHHELD_LICENSE_UNKNOWN_OR_UNCLEAR
dist_0c05bbbc5488e5f7,jpeg,c455472fc993e070c5fdf7537058c0ccdf47219b8cddb0b17a18bd4dc63c9221,c652c2e48153ab0a3e2231152c01995839e15269e67432fcca0c63c87ad06ce5,ccabb760124a6c6fad3be3412d5a3dd21c6e8e55fe3e664f1f94dbd2e9c30299,mohres/The_Arabic_E-Book_Corpus,train,7d26ca7c2041064a7f36f03ecb4c5c1dd1a15e1a,1131,WITHHELD_REDISTRIBUTION_REVIEW,RELEASED_ATTRIBUTION_REQUIRED
dist_a66f0705537ab05b,jpeg,fd8c77f83fdbae1d15211e89ee7fbc73bd54c0279888554934eed83c21dc61a9,d692a26930d6af7aa82724f67ce0512ba091669e88fa91633ce269c475f3acf4,fa553d1e39b806bb0567bf549ca681f578b7ffb1b6d73dd0711b6c37e83ff010,MohamedRashad/arabic-img2md,train,b259f4e285483107f1585960cfd62e17bdc6c712,0,WITHHELD_REDISTRIBUTION_REVIEW,RELEASED_ATTRIBUTION_REQUIRED
dist_e27a0f6c6b9adbea,jpeg,a445baddb739c839fdb724f51ba5178ab1a82048ec022161c2adcb834c1fe160,5f36c776e5c68e65ed63eb8dc3b168dbdc30ca47c9d8b13c5a8ceadf8e2fcd4a,bedf0e1c6041cecb0989f110a1e8d3f891a09050a9af73521770ee754e15e8d3,ahmedheakl/arocrbench_khattparagraph,train,d0e44472833d6de53ff23ca0cb1d36c77a213581,113,WITHHELD_REDISTRIBUTION_REVIEW,WITHHELD_LICENSE_UNKNOWN_OR_UNCLEAR
dist_6fff6848fda90a9d,jpeg,def658524fd6bccde193fd5ee37eb0d39c5624c1378eea79594b1a8455b56029,3bf74a6c835f2f9332deb51e6abf0e92189bfe3a6d548bc5b5288944bfb87a3d,83058dc170d295334f31e1b0aeeb020d33d8eba795338bf4f64b0cb5f340f49f,calfa-ai/tarima,train,8ccf8adb3dec69f0eb5a54eede92fc0ce465509b,000289,WITHHELD_REDISTRIBUTION_REVIEW,RELEASED_ATTRIBUTION_REQUIRED
dist_7a6c3aeeeb602e68,jpeg,b336820c44264e531ee3e85384f4497335c2bc31e34981a6094aa097007437f8,33dd7c4fecbb5fe53af6fa0b874747668f84df3d9f0c670d706088454963a7e2,9c45c6ece415cc44816a31247ef792d6e4b39c955956f5194af5ecfab3347588,MohamedRashad/arabic-img2md,train,b259f4e285483107f1585960cfd62e17bdc6c712,10001,WITHHELD_REDISTRIBUTION_REVIEW,RELEASED_ATTRIBUTION_REQUIRED
dist_7d79da4af4134bc7,jpeg,c3d54b4423bd061785a3547d7ef2aedf3f7d6f7a8f0c6b030eed3eedd80e8326,fd2b127c8d9a4f5708d7b3475d29817beeba9cc97802831b7fad62a060b2fd55,ad6b3eab72e4dc820057c494c70bcf9f80f9e11036e8767e1c66f3c3ba99d377,ahmedheakl/arocrbench_historyar,train,4e8d71775498cb10b873453910a2819714b46463,129,WITHHELD_REDISTRIBUTION_REVIEW,WITHHELD_LICENSE_UNKNOWN_OR_UNCLEAR
dist_9d729a67accfffe3,jpeg,1d0ce5044d7205b5804668e7a87f4443aaa12433e3edd44b34e8478384105ffc,3d4349f3d2fb258c4ad00249c28a0b89b72293e246a90556bf28e39b28165a47,7f3a397917cc033daf9c6cb4950fe3cdbbaf675b03e59facfa27b37ae51657b6,calfa-ai/RASAM-2,train,dd04242a1f18e519df0944d19ae2d868e404d6e5,178749,WITHHELD_REDISTRIBUTION_REVIEW,RELEASED_ATTRIBUTION_REQUIRED
dist_a733bdc5670dea6f,jpeg,98e7e2c7a7dc954d52313b2ae363932eae167078d2d853f4ac899445a8692853,92ebf9afc7ed08e887a0223219bcc457d78d99a48294891bffb551c9f44a6bab,9103097c8d656f7a22179bc0e29d789108c1ed4e9fa6f7835ef7a5c935b4ab47,ahmedheakl/arocrbench_hindawi,train,5693b901e43bb5c72b4b77e4a3efeadfd01739a8,19,WITHHELD_REDISTRIBUTION_REVIEW,WITHHELD_LICENSE_UNKNOWN_OR_UNCLEAR
dist_3092e88abf40a83a,jpeg,e817710213098f3f091ca3f4574231379ac444666c6b848fa1e84c703021ff7f,a3791e715317a7f49ef9a4acaa21fe30e4fe720a114b86ba4ce9716415d5df21,7b4186b0aefd78a49500b9e5b6f9d45c55d7913a2d409f6304267a1d89d5815e,mohres/The_Arabic_E-Book_Corpus,train,7d26ca7c2041064a7f36f03ecb4c5c1dd1a15e1a,783,WITHHELD_REDISTRIBUTION_REVIEW,RELEASED_ATTRIBUTION_REQUIRED
dist_c9d33868d72886b6,jpeg,719e3048d91f5682aef99da859b831e40d168d32f9c89cc415d6c5c7ebd69ee2,c8e4cd5475194e69e6014ea3205b571920c4ae292e7657828e5d6a9123c6d75f,0facd721f7d7e6c6262e085d064ab169b02a1eaa5ed9d11f19abaeb96732c187,calfa-ai/iskandar,train,8cd27a8a823b4bf7d5f119a3f94ec798fc792ab0,036,WITHHELD_REDISTRIBUTION_REVIEW,RELEASED_ATTRIBUTION_REQUIRED
dist_eae2fb92722582c5,jpeg,15589d20ec249e42fd0c52407b80ee31b8a3b48d77e6f327889428a7fd1bccb7,d3d3c5235a50e7889fc134b83f9537c6c2b868b86dff8359ee648e6d1cff5cf2,020db3f7756f93ae8bd3fcac45c5c20095ca0a1f6e02b92da11802f6ed21df83,ahmedheakl/arocrbench_historicalbooks,train,cbe0684cfc878f281be6d6b11c22f41d32842c00,9,WITHHELD_REDISTRIBUTION_REVIEW,WITHHELD_LICENSE_UNKNOWN_OR_UNCLEAR
dist_8d2327fa0a046fa2,jpeg,578914fa7d66988927737bea3790112c3cfa722ba620ad6bc8b7836407fe1336,9aae7e57c6b567ca8cde4481f27ecbb1b1d7b579193fd77690b5d839049b2473,4ced79ce1de6661a658fc6d1981858683c67c5efd91573106da54c3f8dfc0e08,calfa-ai/tarima,train,8ccf8adb3dec69f0eb5a54eede92fc0ce465509b,0258,WITHHELD_REDISTRIBUTION_REVIEW,RELEASED_ATTRIBUTION_REQUIRED
dist_6678ba07b6d928d1,jpeg,4fb8af8098fd71f3d4d3928d297fb088f28dc37b80d5cea1b950d3cd293177eb,54c1c426b44f8dad2224be2bcc2112b9a7707c59f569e0c96b007c6faa8d7d97,147fcd39b6e3fab00665e7cb2121247647a0f6733fbcd9a0d103f293cde8a98b,MohamedRashad/arabic-img2md,train,b259f4e285483107f1585960cfd62e17bdc6c712,4721,WITHHELD_REDISTRIBUTION_REVIEW,RELEASED_ATTRIBUTION_REQUIRED
dist_87e5800e4970d023,jpeg,9841e8d8d6c1383ebe1e10ac2952316f5790ea343fc8a3bf4143df8b44e01871,5036b5e6a87781e9fbb5b95eb9e675e3a93138263cbebbc34a7cc893113c9c68,8a6edbbf00471efd39b1a9dccd6bfb8a468cd6ccb17df99e733eb7ea24a61ecc,ahmedheakl/arocrbench_tables,train,1fc7dbf1414f82f04c091087af31d30446bd1867,200,WITHHELD_REDISTRIBUTION_REVIEW,WITHHELD_LICENSE_UNKNOWN_OR_UNCLEAR
dist_34b97e5a4f2bf1b0,noise,c0897c7dae1547c1131d1c20110ed9c24e69bebc87ad8afd8ec78d8e648b386f,8596c076e8172ce83cfc8ca546f6fae9c6d6390ee5daead982b8943324ce8cae,27a2c751ddf847da19460c3b54831213b05cb95b059dd28fde9631dba7a9d75f,calfa-ai/RASAM-2,train,dd04242a1f18e519df0944d19ae2d868e404d6e5,0314,WITHHELD_REDISTRIBUTION_REVIEW,RELEASED_ATTRIBUTION_REQUIRED
dist_6a39dee5e82182c6,noise,4368c5ea3b7a5e4342d1aac589ae404f0fd7e8c775b057065c2dbcacff40f139,3b2fa970b74d057e83e6a374c0071176711ac529cd943d0b7fcdf79919087977,f6be1fb01fb180aaa55b5e75c065815aed5a0d92900d18447c30ca1432b660cc,ahmedheakl/arocrbench_hindawi,train,5693b901e43bb5c72b4b77e4a3efeadfd01739a8,131,WITHHELD_REDISTRIBUTION_REVIEW,WITHHELD_LICENSE_UNKNOWN_OR_UNCLEAR
dist_647231df71a21443,noise,6e84783d191af0697fba310ea2b563f002f4153fc82decea2add70e9700ed41c,c652c2e48153ab0a3e2231152c01995839e15269e67432fcca0c63c87ad06ce5,ccabb760124a6c6fad3be3412d5a3dd21c6e8e55fe3e664f1f94dbd2e9c30299,mohres/The_Arabic_E-Book_Corpus,train,7d26ca7c2041064a7f36f03ecb4c5c1dd1a15e1a,1131,WITHHELD_REDISTRIBUTION_REVIEW,RELEASED_ATTRIBUTION_REQUIRED
dist_dd876b1586be2412,noise,54b006865973a8f52722b40f21ae789ca63a363100044e8e9a13dd1f22d4a94d,d692a26930d6af7aa82724f67ce0512ba091669e88fa91633ce269c475f3acf4,fa553d1e39b806bb0567bf549ca681f578b7ffb1b6d73dd0711b6c37e83ff010,MohamedRashad/arabic-img2md,train,b259f4e285483107f1585960cfd62e17bdc6c712,0,WITHHELD_REDISTRIBUTION_REVIEW,RELEASED_ATTRIBUTION_REQUIRED
dist_77098089e86cc49d,noise,05752a021d674cd13759ee83c6d8235a9476cad8c2fa82c2a3e64d36a7dc5001,5f36c776e5c68e65ed63eb8dc3b168dbdc30ca47c9d8b13c5a8ceadf8e2fcd4a,bedf0e1c6041cecb0989f110a1e8d3f891a09050a9af73521770ee754e15e8d3,ahmedheakl/arocrbench_khattparagraph,train,d0e44472833d6de53ff23ca0cb1d36c77a213581,113,WITHHELD_REDISTRIBUTION_REVIEW,WITHHELD_LICENSE_UNKNOWN_OR_UNCLEAR
dist_ef204b39e82dd389,noise,0f4655995010f1ff9ed5570c5f18bbb328427d0c868f678b6b7adf969b113e1f,3bf74a6c835f2f9332deb51e6abf0e92189bfe3a6d548bc5b5288944bfb87a3d,83058dc170d295334f31e1b0aeeb020d33d8eba795338bf4f64b0cb5f340f49f,calfa-ai/tarima,train,8ccf8adb3dec69f0eb5a54eede92fc0ce465509b,000289,WITHHELD_REDISTRIBUTION_REVIEW,RELEASED_ATTRIBUTION_REQUIRED
dist_195a5715b7f740a9,noise,f1086b2eae47a666c4da70e224abe74d5d3316f69b6179b2704eb90c763f0445,33dd7c4fecbb5fe53af6fa0b874747668f84df3d9f0c670d706088454963a7e2,9c45c6ece415cc44816a31247ef792d6e4b39c955956f5194af5ecfab3347588,MohamedRashad/arabic-img2md,train,b259f4e285483107f1585960cfd62e17bdc6c712,10001,WITHHELD_REDISTRIBUTION_REVIEW,RELEASED_ATTRIBUTION_REQUIRED
dist_99d99d8dd1094008,noise,042d5230cde2d4944db43546e9c67f1819a471eb55ae46229ea836fc0c19faa6,fd2b127c8d9a4f5708d7b3475d29817beeba9cc97802831b7fad62a060b2fd55,ad6b3eab72e4dc820057c494c70bcf9f80f9e11036e8767e1c66f3c3ba99d377,ahmedheakl/arocrbench_historyar,train,4e8d71775498cb10b873453910a2819714b46463,129,WITHHELD_REDISTRIBUTION_REVIEW,WITHHELD_LICENSE_UNKNOWN_OR_UNCLEAR
dist_dae4da6109c2681f,noise,3a767d358693bf3bf2f2c09100a1ceaebd99e2e4c03d5f4d4afd755ef02c98d5,3d4349f3d2fb258c4ad00249c28a0b89b72293e246a90556bf28e39b28165a47,7f3a397917cc033daf9c6cb4950fe3cdbbaf675b03e59facfa27b37ae51657b6,calfa-ai/RASAM-2,train,dd04242a1f18e519df0944d19ae2d868e404d6e5,178749,WITHHELD_REDISTRIBUTION_REVIEW,RELEASED_ATTRIBUTION_REQUIRED
dist_33ef2fea9941b184,noise,da2b1aaa4ffe8d3ed5aa38e3f0b74b8443020f0bded6078902fe2f8fd68fbbf2,92ebf9afc7ed08e887a0223219bcc457d78d99a48294891bffb551c9f44a6bab,9103097c8d656f7a22179bc0e29d789108c1ed4e9fa6f7835ef7a5c935b4ab47,ahmedheakl/arocrbench_hindawi,train,5693b901e43bb5c72b4b77e4a3efeadfd01739a8,19,WITHHELD_REDISTRIBUTION_REVIEW,WITHHELD_LICENSE_UNKNOWN_OR_UNCLEAR
dist_5f0a76aa94ec6b12,noise,ec04f0cfa06ba146b12f7c1bf7db74c648637616f6321fd38d20fa8152bc5f56,a3791e715317a7f49ef9a4acaa21fe30e4fe720a114b86ba4ce9716415d5df21,7b4186b0aefd78a49500b9e5b6f9d45c55d7913a2d409f6304267a1d89d5815e,mohres/The_Arabic_E-Book_Corpus,train,7d26ca7c2041064a7f36f03ecb4c5c1dd1a15e1a,783,WITHHELD_REDISTRIBUTION_REVIEW,RELEASED_ATTRIBUTION_REQUIRED
dist_9fd54ffdbebbf9e2,noise,6c57a767c04cf32498aea2b6be33e6a452e8ca13e8b5887405692f8c9d308f72,c8e4cd5475194e69e6014ea3205b571920c4ae292e7657828e5d6a9123c6d75f,0facd721f7d7e6c6262e085d064ab169b02a1eaa5ed9d11f19abaeb96732c187,calfa-ai/iskandar,train,8cd27a8a823b4bf7d5f119a3f94ec798fc792ab0,036,WITHHELD_REDISTRIBUTION_REVIEW,RELEASED_ATTRIBUTION_REQUIRED
dist_59b61bedd35be622,noise,e28089bb08c08d23928f4c16c96f9818e275243b476d5f7522bf0e9c647429fd,d3d3c5235a50e7889fc134b83f9537c6c2b868b86dff8359ee648e6d1cff5cf2,020db3f7756f93ae8bd3fcac45c5c20095ca0a1f6e02b92da11802f6ed21df83,ahmedheakl/arocrbench_historicalbooks,train,cbe0684cfc878f281be6d6b11c22f41d32842c00,9,WITHHELD_REDISTRIBUTION_REVIEW,WITHHELD_LICENSE_UNKNOWN_OR_UNCLEAR
dist_970711469d55d4be,noise,5c6a497a5d0ee623b790c8db7c240bc48d1a1c86b8ab453c7ab1ca79136d5fb0,9aae7e57c6b567ca8cde4481f27ecbb1b1d7b579193fd77690b5d839049b2473,4ced79ce1de6661a658fc6d1981858683c67c5efd91573106da54c3f8dfc0e08,calfa-ai/tarima,train,8ccf8adb3dec69f0eb5a54eede92fc0ce465509b,0258,WITHHELD_REDISTRIBUTION_REVIEW,RELEASED_ATTRIBUTION_REQUIRED
dist_d79c5445b55909aa,noise,a06b7a2d1ce7087cd454efeab893166dd8169dc713dcb4c503a6ee9ddd073a9c,54c1c426b44f8dad2224be2bcc2112b9a7707c59f569e0c96b007c6faa8d7d97,147fcd39b6e3fab00665e7cb2121247647a0f6733fbcd9a0d103f293cde8a98b,MohamedRashad/arabic-img2md,train,b259f4e285483107f1585960cfd62e17bdc6c712,4721,WITHHELD_REDISTRIBUTION_REVIEW,RELEASED_ATTRIBUTION_REQUIRED
dist_3fa5e21f1a48a0be,noise,d53c2c0787365b8f957ea6e7ba6685f5abf65e1a63530f05ffe7dd9e7ec21a74,5036b5e6a87781e9fbb5b95eb9e675e3a93138263cbebbc34a7cc893113c9c68,8a6edbbf00471efd39b1a9dccd6bfb8a468cd6ccb17df99e733eb7ea24a61ecc,ahmedheakl/arocrbench_tables,train,1fc7dbf1414f82f04c091087af31d30446bd1867,200,WITHHELD_REDISTRIBUTION_REVIEW,WITHHELD_LICENSE_UNKNOWN_OR_UNCLEAR
dist_48dc8a47e830a050,noise,2c74814673f7fdb17b168298e50917c8710f334ad257dab8b5a6593c564714e9,7dc7448083d3446279fbbd2441696d287c8380264eecc3fc211aa249397eb51f,f31417e9ecdc5ea5bff649fac6acfceafb2e3bc1455a5df2835b49c83f4702e8,calfa-ai/RASAM-1,train,0dd7531ae68fb0bfc5cb7b189955cb3002a1ec95,0030,WITHHELD_REDISTRIBUTION_REVIEW,RELEASED_ATTRIBUTION_REQUIRED
dist_35bf0456187ab15a,noise,28a99eaf2bfe8715cfe05cd91a51a7ade242d7d50519206b669306b2cfc30e66,e69115006fdd1ae655df9c23af8014ec617a732cccfc4983a0f89b9ca61a029d,76bd996b541486f5aaff1059bb77d27c292bccd989f2c321604714cd9a8fb479,craneset/arabic-ocr,train,c7df81cbef12277b46aa592bb0114636d642e6ad,segment_00030_page_00004,WITHHELD_REDISTRIBUTION_REVIEW,RELEASED_ATTRIBUTION_REQUIRED
dist_2f0f9d09d23535ff,noise,e57ac3e251ecfec8ba0daffd8078f0c9f1cdacfc7d36fecf0857b88f2139cac7,8511aefb4872f3bdcb1238c9a6debde3d04e30e82e5bd48704e4cde779a9b994,203ec3d11858cba53ea55aa2035353bf8b6d9020d64d1cd01299dc84e723e13d,mohres/The_Arabic_E-Book_Corpus,train,7d26ca7c2041064a7f36f03ecb4c5c1dd1a15e1a,435,WITHHELD_REDISTRIBUTION_REVIEW,RELEASED_ATTRIBUTION_REQUIRED
dist_3d201717b81510f2,noise,be1d2198ddd5749d6e110cddb9830c356aa8c54c46c853d35bd8d944d817a515,55cfa042816b53399d6721dd1633b96a3ca9a340d06a20300b8d746f62a7ffb6,b7d792bab418b493792832fca5c46b12ef676a63d0923f10c8c0cb27803c628d,calfa-ai/baybars,train,ce04cd0779386abf25ee24faf84518df33ed41b3,l110-007,WITHHELD_REDISTRIBUTION_REVIEW,RELEASED_ATTRIBUTION_REQUIRED
dist_96cdee43f74680a4,noise,dcc88a87ca667b1bb0f4a8ce01d3fbaa44aaeb021ac9b9bbb4688783bf3d71ce,4067c3f392e2d28cd00d7eac155192d4c17124ba6991e521bd9f6a828fbe7f9b,1a9383515c64db0eb9914f39fc1597f38117c5d278dca4935e5d65de7d28ce0c,ahmedheakl/arocrbench_historicalbooks,train,cbe0684cfc878f281be6d6b11c22f41d32842c00,1,WITHHELD_REDISTRIBUTION_REVIEW,WITHHELD_LICENSE_UNKNOWN_OR_UNCLEAR
dist_aa68f6306453f40d,noise,8b7ff2842d83fbe2358288afb26f13f580e262b211ab91d709679ccfc79dc6b9,a425e68615e9604298afd711775fb75a6ecb78270a62860a61df256016f56cde,75a1a9b7a8df8e95a34238ac7125fb63393d9b8144505ae72ed9d65dfc113e8d,mohres/The_Arabic_E-Book_Corpus,train,7d26ca7c2041064a7f36f03ecb4c5c1dd1a15e1a,1392,WITHHELD_REDISTRIBUTION_REVIEW,RELEASED_ATTRIBUTION_REQUIRED
dist_f61569f0ace1e3ad,skew,fa1caac5cd1d219489a49a543c2c5f88e78b9865e4525ce1714f4931ceb71ac5,33dd7c4fecbb5fe53af6fa0b874747668f84df3d9f0c670d706088454963a7e2,9c45c6ece415cc44816a31247ef792d6e4b39c955956f5194af5ecfab3347588,MohamedRashad/arabic-img2md,train,b259f4e285483107f1585960cfd62e17bdc6c712,10001,WITHHELD_REDISTRIBUTION_REVIEW,RELEASED_ATTRIBUTION_REQUIRED
dist_436ac0237cdcdbfa,skew,a7fddbf699ff0e7cc07aab6071cd14d21cd3dc65d066c88362e14ddbe7054c80,fd2b127c8d9a4f5708d7b3475d29817beeba9cc97802831b7fad62a060b2fd55,ad6b3eab72e4dc820057c494c70bcf9f80f9e11036e8767e1c66f3c3ba99d377,ahmedheakl/arocrbench_historyar,train,4e8d71775498cb10b873453910a2819714b46463,129,WITHHELD_REDISTRIBUTION_REVIEW,WITHHELD_LICENSE_UNKNOWN_OR_UNCLEAR
dist_6d7cd02ae6250fb6,skew,2d9cff22b97f3c90cff7264d2d457f2b41ca6d575fdb00b1f62498009be45d2a,3d4349f3d2fb258c4ad00249c28a0b89b72293e246a90556bf28e39b28165a47,7f3a397917cc033daf9c6cb4950fe3cdbbaf675b03e59facfa27b37ae51657b6,calfa-ai/RASAM-2,train,dd04242a1f18e519df0944d19ae2d868e404d6e5,178749,WITHHELD_REDISTRIBUTION_REVIEW,RELEASED_ATTRIBUTION_REQUIRED
dist_8e4dfdb0cf014fab,skew,bd471820b683d0a9fa208974a9881f5ca85d2ca7b98915ca8df93d414530234f,92ebf9afc7ed08e887a0223219bcc457d78d99a48294891bffb551c9f44a6bab,9103097c8d656f7a22179bc0e29d789108c1ed4e9fa6f7835ef7a5c935b4ab47,ahmedheakl/arocrbench_hindawi,train,5693b901e43bb5c72b4b77e4a3efeadfd01739a8,19,WITHHELD_REDISTRIBUTION_REVIEW,WITHHELD_LICENSE_UNKNOWN_OR_UNCLEAR
dist_278bc33dc00f5615,skew,b3b2a1df1c60b3549ca7a622d8c42689c9bd8c03e60c3478d978e78f3410a036,a3791e715317a7f49ef9a4acaa21fe30e4fe720a114b86ba4ce9716415d5df21,7b4186b0aefd78a49500b9e5b6f9d45c55d7913a2d409f6304267a1d89d5815e,mohres/The_Arabic_E-Book_Corpus,train,7d26ca7c2041064a7f36f03ecb4c5c1dd1a15e1a,783,WITHHELD_REDISTRIBUTION_REVIEW,RELEASED_ATTRIBUTION_REQUIRED
dist_00b5396e3c2f2616,skew,480d68fcea3f9b1bef2110c6514bbdc5e384e7a3f61cafc17f202cc75411f143,c8e4cd5475194e69e6014ea3205b571920c4ae292e7657828e5d6a9123c6d75f,0facd721f7d7e6c6262e085d064ab169b02a1eaa5ed9d11f19abaeb96732c187,calfa-ai/iskandar,train,8cd27a8a823b4bf7d5f119a3f94ec798fc792ab0,036,WITHHELD_REDISTRIBUTION_REVIEW,RELEASED_ATTRIBUTION_REQUIRED
dist_fe77e3f44caeb643,skew,ca546d43f0879b8c81aee920c5772da47c37c67a441dd3d5b3f41e65c077c81e,d3d3c5235a50e7889fc134b83f9537c6c2b868b86dff8359ee648e6d1cff5cf2,020db3f7756f93ae8bd3fcac45c5c20095ca0a1f6e02b92da11802f6ed21df83,ahmedheakl/arocrbench_historicalbooks,train,cbe0684cfc878f281be6d6b11c22f41d32842c00,9,WITHHELD_REDISTRIBUTION_REVIEW,WITHHELD_LICENSE_UNKNOWN_OR_UNCLEAR
dist_aba301438b699cd8,skew,ec8599964281dbd859b43c44f668529ad10515994165ce8e7016ba0cd2dba8c6,9aae7e57c6b567ca8cde4481f27ecbb1b1d7b579193fd77690b5d839049b2473,4ced79ce1de6661a658fc6d1981858683c67c5efd91573106da54c3f8dfc0e08,calfa-ai/tarima,train,8ccf8adb3dec69f0eb5a54eede92fc0ce465509b,0258,WITHHELD_REDISTRIBUTION_REVIEW,RELEASED_ATTRIBUTION_REQUIRED
dist_639c5d7215003e5b,skew,9ac43f4782a59903a64934e353c12944e68139443aa31cbea879c7d017f0ad48,54c1c426b44f8dad2224be2bcc2112b9a7707c59f569e0c96b007c6faa8d7d97,147fcd39b6e3fab00665e7cb2121247647a0f6733fbcd9a0d103f293cde8a98b,MohamedRashad/arabic-img2md,train,b259f4e285483107f1585960cfd62e17bdc6c712,4721,WITHHELD_REDISTRIBUTION_REVIEW,RELEASED_ATTRIBUTION_REQUIRED
dist_0ea747eb9ddc1721,skew,a1d6ea6d517b64894ed31d28e959ae9eca2a0572b1950931008f1d9aff00ef48,5036b5e6a87781e9fbb5b95eb9e675e3a93138263cbebbc34a7cc893113c9c68,8a6edbbf00471efd39b1a9dccd6bfb8a468cd6ccb17df99e733eb7ea24a61ecc,ahmedheakl/arocrbench_tables,train,1fc7dbf1414f82f04c091087af31d30446bd1867,200,WITHHELD_REDISTRIBUTION_REVIEW,WITHHELD_LICENSE_UNKNOWN_OR_UNCLEAR
dist_230e8b6d9ab74c61,skew,9328e9b1621eedeb60a323750feeb1fb959162b5a646c135468035831113153b,7dc7448083d3446279fbbd2441696d287c8380264eecc3fc211aa249397eb51f,f31417e9ecdc5ea5bff649fac6acfceafb2e3bc1455a5df2835b49c83f4702e8,calfa-ai/RASAM-1,train,0dd7531ae68fb0bfc5cb7b189955cb3002a1ec95,0030,WITHHELD_REDISTRIBUTION_REVIEW,RELEASED_ATTRIBUTION_REQUIRED
dist_b30c74fa8514a77a,skew,577b25b6483677d3de5b65ce98a52d8363509ef0e17d29935fc36452397670e3,e69115006fdd1ae655df9c23af8014ec617a732cccfc4983a0f89b9ca61a029d,76bd996b541486f5aaff1059bb77d27c292bccd989f2c321604714cd9a8fb479,craneset/arabic-ocr,train,c7df81cbef12277b46aa592bb0114636d642e6ad,segment_00030_page_00004,WITHHELD_REDISTRIBUTION_REVIEW,RELEASED_ATTRIBUTION_REQUIRED
dist_a9aa4238ed838c7a,perspective,aa7daaf4e31e0df07f873c6823723c1e943c2712b24a772e62e8171b60f296be,a4065a58a731361fb63b7542ba432c934f9b9ccd14a7351f2ef1bac26541fc33,7b8a2e41912ba578ed86083a819726224c7a1d4454d525f5a2734fa26d0395d9,ahmedheakl/arocrbench_hindawi,train,5693b901e43bb5c72b4b77e4a3efeadfd01739a8,31,WITHHELD_REDISTRIBUTION_REVIEW,WITHHELD_LICENSE_UNKNOWN_OR_UNCLEAR
dist_2825472e1a33c89d,perspective,a9d972665e8c7b50b9f1e7e2241dbc01182cb7ebad3bc91811dc4610fad9933c,f603581576cd816cb1f29635be7fce92bb97d775ad198422a4369ec40ae4b6b3,d863afb6626834e89e903702f2070a3c22153946faaedb38f7521453a817ac9f,mohres/The_Arabic_E-Book_Corpus,train,7d26ca7c2041064a7f36f03ecb4c5c1dd1a15e1a,870,WITHHELD_REDISTRIBUTION_REVIEW,RELEASED_ATTRIBUTION_REQUIRED
dist_975457a46b52ec18,perspective,1c9443937a47c822225f414212d2a843470e3dee40120dec17265c4c8cd8d921,421e99ab2cb8f74ab6dc5ab951c19f5db109bff13f33bb1dc991ca6b9ef72894,5f6c7e5ce4d8cef4cb0cfa7659d9ee3e74028e2da3ca5558d098fddf2537c970,calfa-ai/iskandar,train,8cd27a8a823b4bf7d5f119a3f94ec798fc792ab0,026,WITHHELD_REDISTRIBUTION_REVIEW,RELEASED_ATTRIBUTION_REQUIRED
dist_8d1d8fcc002efd40,perspective,9a2ca0aaba5defaac06043daf01311eb3a2c32673c16592b51d360d8465a5ab2,3dcf46141a5bb91988fe66cc40d756f5cf273b48310f697d88d84a37f5f8fa75,03a0d3f7d2047ca2d4c8e260e1c805e1f28f82d25d920cf293706e8b1952c15a,ahmedheakl/arocrbench_khattparagraph,train,d0e44472833d6de53ff23ca0cb1d36c77a213581,0,WITHHELD_REDISTRIBUTION_REVIEW,WITHHELD_LICENSE_UNKNOWN_OR_UNCLEAR
dist_cbbb9ceb002dbfbd,perspective,b3791ae5da9563f1552d01050231a263d5dd80fea37e2931c205e7f80809f5bb,241c8da51e8300f15e280945115da40ac7ce3ee421aa9493068ffe6b86c0855e,2a1d49454c0b52892a0bce2a7339f047be3ba6f0bee2c5c4629bd5108f98771b,calfa-ai/tarima,train,8ccf8adb3dec69f0eb5a54eede92fc0ce465509b,94,WITHHELD_REDISTRIBUTION_REVIEW,RELEASED_ATTRIBUTION_REQUIRED
dist_3519aa126ee9aadd,perspective,bd7ad54211b74571c457388ff57b24a05abd2a1598538a5659fb67cd47870f6d,f566d9e7ec330ac869af2f1c522898893f20a01aebb361abe7fc38ce4dfa03da,24f9db4d19edc385d2895c7b43119708b95216ee517f53282d5e5ca62680784a,MohamedRashad/arabic-img2md,train,b259f4e285483107f1585960cfd62e17bdc6c712,5900,WITHHELD_REDISTRIBUTION_REVIEW,RELEASED_ATTRIBUTION_REQUIRED
dist_a77c42d15ad5ed3f,perspective,42a9bbc26c5d485f7378df624f89cd1de207ed3d0c499474bb898b2d74d604c1,174336c5b029760e7118fc68ad90c1f86d52705af2e96002b90baed7caf58258,13c1be7dae0b30cdd0da702f74de7e209ad476aa61feac83e393524aace07d12,ahmedheakl/arocrbench_tables,train,1fc7dbf1414f82f04c091087af31d30446bd1867,409,WITHHELD_REDISTRIBUTION_REVIEW,WITHHELD_LICENSE_UNKNOWN_OR_UNCLEAR
dist_35aca835fbc76cd9,perspective,f1623c2328032672678116ae4e52f41b7c429ce7ce4ca9076854971cc0fd9495,91a771f725a9203ef504a24872de1912e1b7d9b66589398e3d341c722d0abe50,650b639ee582d628f839b89d37705b8b0d90a970ae81d97cd97268a7011f95ea,calfa-ai/RASAM-1,train,0dd7531ae68fb0bfc5cb7b189955cb3002a1ec95,00025,WITHHELD_REDISTRIBUTION_REVIEW,RELEASED_ATTRIBUTION_REQUIRED
dist_4bb08c1b35aff61e,perspective,81b429dc410333438435beb7baef5092b25b049267f97099f285b57286b3f6b7,e12479e59fc610d00df75d6ff5a67f6606695a3dd156f654e90edeba548505f7,2b529506f4ed66bd63b37b464403c2c678b8d320d103ca2fb47d7ae93e2eaedb,craneset/arabic-ocr,train,c7df81cbef12277b46aa592bb0114636d642e6ad,segment_00030_page_00005,WITHHELD_REDISTRIBUTION_REVIEW,RELEASED_ATTRIBUTION_REQUIRED
dist_729d2a4a45866e0b,perspective,437c80cbb933a630e98aeb9b745ea2a2bc4e70e26c7e55528250e977faae0bc4,1a77461fecc8897915ed4de70fca36be08f2163e02e25ab584e7da731d72993a,d83f614e08b35b09cc5065da57a06466100d9dac05bc1408e5195eedfdb8592a,mohres/The_Arabic_E-Book_Corpus,train,7d26ca7c2041064a7f36f03ecb4c5c1dd1a15e1a,522,WITHHELD_REDISTRIBUTION_REVIEW,RELEASED_ATTRIBUTION_REQUIRED
dist_e363e7af388af2bf,perspective,2183f9e5db65af02b9fd9aec0e88094783f575b274ccd77d97943975df6b1409,1b88d267c49a356f46a708ceedf1b27cbc61e8482f351b333ceaf30ebbab3734,dd2ddea9e74995e6971cf24484c214beb6ba37bf9e3364ea9ee2447195bb7c27,calfa-ai/baybars,train,ce04cd0779386abf25ee24faf84518df33ed41b3,l145b-019,WITHHELD_REDISTRIBUTION_REVIEW,RELEASED_ATTRIBUTION_REQUIRED
dist_a411d7bc07b65f5e,perspective,1ea123024aa74f03eba84ccb1e7673206de498eb7d87ec8a139bb12776dceb2f,6371b7838698de8d73404080650213b2a649dd4aaa7e58ced928430b32a78d4a,bee3f767682ca18bf1fc0e9976566b4bd627b6ff010ac17318d9729c978730e3,ahmedheakl/arocrbench_historicalbooks,train,cbe0684cfc878f281be6d6b11c22f41d32842c00,3,WITHHELD_REDISTRIBUTION_REVIEW,WITHHELD_LICENSE_UNKNOWN_OR_UNCLEAR
dist_033f8766bce6a60e,low_resolution,27472bb8a797fb259b7316704847f1f6a7a958991087897837a6357822469354,02fdb2e97d996ca5afe98cb901098d50cf21702fa6177b7781e219db7411b4cf,75aa25f5cbafe1f5de1fb62480dbd2e4045a9244f7014d8e69ba9ee6bd24e2f2,ahmedheakl/arocrbench_khattparagraph,train,d0e44472833d6de53ff23ca0cb1d36c77a213581,17,WITHHELD_REDISTRIBUTION_REVIEW,WITHHELD_LICENSE_UNKNOWN_OR_UNCLEAR
dist_154bb6c32a7df689,low_resolution,0f3efe9bc2bcf34e6dcf4397b7980b1f0afdb754877d3f009ed3229ba80112b8,f521f87432de8c8e769cb271945fabb08ad662c77dc088750a3f5a2231ba65ef,0ab07df101cec47e7252f7e284226ba012e90fe3fbf19a8e6b51783f27231f74,calfa-ai/tarima,train,8ccf8adb3dec69f0eb5a54eede92fc0ce465509b,0006,WITHHELD_REDISTRIBUTION_REVIEW,RELEASED_ATTRIBUTION_REQUIRED
dist_b85f0212281d7066,low_resolution,b6059adef22c4617ef1551ae5678feb86833e40587fc12a102d8aba1c4d17732,165f7f8dd39d0ec3bc10f3f89d79ca4f4391b729eb7b897a432995b86c139cdf,eccf56b734ec99fc8f1fc1cf825035e9f16f67d50dc4dc9459811d992dcaacf8,MohamedRashad/arabic-img2md,train,b259f4e285483107f1585960cfd62e17bdc6c712,7133,WITHHELD_REDISTRIBUTION_REVIEW,RELEASED_ATTRIBUTION_REQUIRED
dist_f92f15fb365aaabf,low_resolution,eba5155f63751f7fb084da07dc252bfd6097e8543b003825b9cb5e36af956726,d41f564132bde37c78e9cbf0247801d0627cb6326472c38174b2a42e3c629e18,0321b99506ca9c487c75abb0dde6a3d6e44d525663e48accbb244000378cd53c,ahmedheakl/arocrbench_historyar,train,4e8d71775498cb10b873453910a2819714b46463,9,WITHHELD_REDISTRIBUTION_REVIEW,WITHHELD_LICENSE_UNKNOWN_OR_UNCLEAR
dist_334bb643f71a8b15,low_resolution,4866bc7156bc85249a6a7c3b09ede01a1ca7a5d0fa5e5027605ad3bbbab296f2,b2a6cdeee7492fd0ef31f210f7d5b688eafa185006c7a6de4a9e820f00e89ea8,7f01893cc5371fc825001cb3099730d86a23dddd0985c3ffac65c8ff9694f01f,calfa-ai/RASAM-1,train,0dd7531ae68fb0bfc5cb7b189955cb3002a1ec95,0031,WITHHELD_REDISTRIBUTION_REVIEW,RELEASED_ATTRIBUTION_REQUIRED
dist_8963c3872ede911b,low_resolution,188d12ce90e30b42a72a4b0b4bb251cfe698e4cd49652b4e40e04cb0f160dadf,7fec94d92083ee121a5548775892020d83ff584ad1e4ca07cb389bcf9ddde629,9533aec7cd912d05baf1872b04a28334c67c97f063327f14f4f2252bfec772bf,ahmedheakl/arocrbench_hindawi,train,5693b901e43bb5c72b4b77e4a3efeadfd01739a8,0,WITHHELD_REDISTRIBUTION_REVIEW,WITHHELD_LICENSE_UNKNOWN_OR_UNCLEAR
dist_0e18242bc28dd996,low_resolution,f1ba67b48beb6c9d7bbeba6c872e98d596cd34fbb9dded4184e1ab6e1c7b13bf,35294d78164acd07d50da1612bd225682796d1254c7897ac43c385f22df13481,3887bdf857aa8f37d260a06e3f3fd518e643cdf5c7f6f213a71b05ab22427c6f,mohres/The_Arabic_E-Book_Corpus,train,7d26ca7c2041064a7f36f03ecb4c5c1dd1a15e1a,609,WITHHELD_REDISTRIBUTION_REVIEW,RELEASED_ATTRIBUTION_REQUIRED
dist_208318d9d5970cf9,low_resolution,7d6e0c4e7432579ab6f8820d44d9cdf93d43c4952cd562f0bc4e50da9a0e0fdf,8337bb9110bff76d04814cb8eca195eef915e54b5613f2143686c57aed8aa8d7,c3b0ed1d01c3cc07ac0c6387c53565ea866a2b48ed7482d5781866141a04f133,calfa-ai/baybars,train,ce04cd0779386abf25ee24faf84518df33ed41b3,l056-023,WITHHELD_REDISTRIBUTION_REVIEW,RELEASED_ATTRIBUTION_REQUIRED
dist_81fc571c6b770658,low_resolution,8a340c4a4003cc16953d619296f6e4bd581067691d4ec0f059b1e6d542e245ee,c6ba8f26fffebc6605e2b902bf3dc5dcedd4ab11f2029ddedfb88f395fba8933,a1ace0aacef379ad3d6f6ecdff5f6c4b1dd8000086fcc4095354586131af3eeb,ahmedheakl/arocrbench_historicalbooks,train,cbe0684cfc878f281be6d6b11c22f41d32842c00,5,WITHHELD_REDISTRIBUTION_REVIEW,WITHHELD_LICENSE_UNKNOWN_OR_UNCLEAR
dist_59074c5f6aa64b08,low_resolution,738ce319bee6e3002f04ee61504ef2ad29f8d1440bae25030ff49ce3b23346b3,a41c07a9f7c58d166b24ee9dafec6913dc0319ad7b509b1d79d11a32bb2bd08e,564d88283b6ea5616b7466ae9c0d89ad175123dd146660d9d45f155417f1fcc1,mohres/The_Arabic_E-Book_Corpus,train,7d26ca7c2041064a7f36f03ecb4c5c1dd1a15e1a,1566,WITHHELD_REDISTRIBUTION_REVIEW,RELEASED_ATTRIBUTION_REQUIRED
dist_99ee522573a6ffcc,low_resolution,bd6f167bb630439408a7b0f79144d773df2793122e9e0eb07ae92ba93dd214d9,3120942addfc84331f4af59e83ea6fd539c979386b16b7f07308080219420769,7b33641a168d5e288025c34dd9a558d262be25aea887f369f2bede14b7998eb0,MohamedRashad/arabic-img2md,train,b259f4e285483107f1585960cfd62e17bdc6c712,2333,WITHHELD_REDISTRIBUTION_REVIEW,RELEASED_ATTRIBUTION_REQUIRED
dist_51d58e6e236dcd74,low_resolution,2ebf4e02d5906fb59f57fb81818093cd72ab052d883f5d5dbf62e1b794111f21,051f7b9709c4196c4fbb38801e76aa9bdad3f1c05a632fa0560362dc976b1f92,bb941b48ccf31edcbb5770763d0a59032af88d442a738496105a05d8c7c890c4,ahmedheakl/arocrbench_tables,train,1fc7dbf1414f82f04c091087af31d30446bd1867,0,WITHHELD_REDISTRIBUTION_REVIEW,WITHHELD_LICENSE_UNKNOWN_OR_UNCLEAR
dist_e3f542e1b39b79be,contrast,ef708221a99b1d01031adfb65ebb69d91ffb611b9a8ca0ce0fdeb532e5bb4af0,aa154ff293ebc36cd45ba44295e86b0cead8cb576b4bae19ee6597c82a645e33,d5afce4db2e4c6b555be6e41edce86b1f96df412e224a34e26f507c3e0dce472,ahmedheakl/arocrbench_historyar,train,4e8d71775498cb10b873453910a2819714b46463,61,WITHHELD_REDISTRIBUTION_REVIEW,WITHHELD_LICENSE_UNKNOWN_OR_UNCLEAR
dist_ccf6347f9a1acb4d,contrast,8315c21c16547d1ecbd64ebb3597e6353b24b079d07b894367c2ffbc710fa47d,7dbeecac488efc0903cb3bea1eab296b9f72044e6c3d65523bd8de5853a63851,47da0af568462a876c0386437478d6d05c2dd134baa59ad5f10f7f48b91daab6,calfa-ai/RASAM-2,train,dd04242a1f18e519df0944d19ae2d868e404d6e5,181992,WITHHELD_REDISTRIBUTION_REVIEW,RELEASED_ATTRIBUTION_REQUIRED
dist_cc0b59fbbf260b74,contrast,b1fdf251405a5f4e557344eae1c986c0e27b490a42cf873f0ee207279029ad75,c9810389318ee6fd730b9f5554ed60b2ba89bd58f4b766a6aad7f7de359c810d,512818b69641b088f22896187c60831b1df0ed351a554e9b80fe0585f567794d,ahmedheakl/arocrbench_hindawi,train,5693b901e43bb5c72b4b77e4a3efeadfd01739a8,7,WITHHELD_REDISTRIBUTION_REVIEW,WITHHELD_LICENSE_UNKNOWN_OR_UNCLEAR
dist_ae59acc6ae533002,contrast,54c67c35c6738d15e9cdb9865fedf690f886f63034efb7535457e0f0f60e8a1a,e0c06098aec328860cc06519b559891ab69dd81241cc422804e1d2b616f58bc5,f1d35f65a7c98e816b1539bb40bf1780c7e6def0d645ee25eb82731256694507,mohres/The_Arabic_E-Book_Corpus,train,7d26ca7c2041064a7f36f03ecb4c5c1dd1a15e1a,696,WITHHELD_REDISTRIBUTION_REVIEW,RELEASED_ATTRIBUTION_REQUIRED
dist_7544e0a7213cb78b,contrast,30270a34670558dd08c08b1b47f55f36090d21bbdc1773ea5d7b5308ca6a5bda,a07e6e910da85bb929a820542c7b0b0d4c79dfbb08d6e375bfc31f7e7afb2fd3,35567386283a28e45a8b8876bc5e8f4b38d0f24db80edc130b3853c90de739ea,calfa-ai/iskandar,train,8cd27a8a823b4bf7d5f119a3f94ec798fc792ab0,79,WITHHELD_REDISTRIBUTION_REVIEW,RELEASED_ATTRIBUTION_REQUIRED
dist_0baa1e5ce96840e2,contrast,b9b58eafd646dcdb439c4ab2a6679d02d9992f375a1d74c5f6f5b32c0ded6bd0,e3dd4954a1d53e7d2f0f29c079cfc5731e8c182e522614da6f7bf42d592047db,6e0ede8339bbd5540668083a59b58cb3d0ab4d148573e9c90999951213eece8c,ahmedheakl/arocrbench_historicalbooks,train,cbe0684cfc878f281be6d6b11c22f41d32842c00,7,WITHHELD_REDISTRIBUTION_REVIEW,WITHHELD_LICENSE_UNKNOWN_OR_UNCLEAR
dist_209202aced8b9f00,contrast,f9b72174ee00d9a436ce0e74984411ea33bc318e3578af2b35f4065534c6c44a,a2c70068c9fbd1e025979462d9718da6e1653c452a4549cdb7c59cde05cbd59e,91ccca350b89aa4a2b8c860fce22d6fa2c1aebb44f8f9bfb74e912bcb47b544f,mohres/The_Arabic_E-Book_Corpus,train,7d26ca7c2041064a7f36f03ecb4c5c1dd1a15e1a,1653,WITHHELD_REDISTRIBUTION_REVIEW,RELEASED_ATTRIBUTION_REQUIRED
dist_2b9eecf866d26ec3,contrast,1064164c832199c95542698c171fc3c40cb5f638632d6cc8f03f8639ce8dcc0b,56d5b11dd43cba383f43c5bee85d3816e1ab9ce26b8ec66ec6d85b9e99e2dfb7,3a0b3ae24c86c15cd5791f59ce85f8b616deb6fa9f65fa59712ce00d6b5fabdb,MohamedRashad/arabic-img2md,train,b259f4e285483107f1585960cfd62e17bdc6c712,3500,WITHHELD_REDISTRIBUTION_REVIEW,RELEASED_ATTRIBUTION_REQUIRED
dist_8d409a5aaa683048,contrast,380e3f2d9d4321dea897bd4934596768b285c578e86a1101504f0c06dfd62dbe,2fb2a8a6ea18ce0e833fb6b0202163028927c5090605a2e8a860a853f6646597,84246a47983df041a5616c4b50cc75a72930cc7c280d35db2660fe3f736b0289,ahmedheakl/arocrbench_tables,train,1fc7dbf1414f82f04c091087af31d30446bd1867,44,WITHHELD_REDISTRIBUTION_REVIEW,WITHHELD_LICENSE_UNKNOWN_OR_UNCLEAR
dist_7c8b0600c11615bc,contrast,7b8c3997998bd93cbc86a7a25ecfaed81bf3fb8c58b01ccd37d7a4d66af39ee4,69df63c1656f532609ba9cec9c910edb7308cde27e5610691393ca3a375bc861,a7e4b09309bf3d395528d3520b0d5e288fff33e0a5b2df6b23976a438b9488cd,calfa-ai/RASAM-1,train,0dd7531ae68fb0bfc5cb7b189955cb3002a1ec95,0056,WITHHELD_REDISTRIBUTION_REVIEW,RELEASED_ATTRIBUTION_REQUIRED
dist_b30b9a0bb8fd6030,contrast,5b301811d134509e481b048a7a976ac32589e108a50514d493f4580468197d92,2770e35b347ca2e81533d2401c94097b5bf1594cff2a64b7c8ebc91a62dee52d,8c34dd6662e312eb15acb4ad83919b84acb2fc39c900920cdfd45b3c2393c349,craneset/arabic-ocr,train,c7df81cbef12277b46aa592bb0114636d642e6ad,segment_00030_page_00003,WITHHELD_REDISTRIBUTION_REVIEW,RELEASED_ATTRIBUTION_REQUIRED
dist_a80c0de9bb23748a,contrast,f7e59b4f586dcb9637c08b4ac52077a7c2ff5510b69a678139b693f9efc9c954,77faa0140343e7629f462ca4fb1a73fa322212e8da7111ef0c6e2d46fdefc956,f58c9742ac03adff9dc92771e058785ebc6cc4ec3aa70b0d19f926b1da088355,mohres/The_Arabic_E-Book_Corpus,train,7d26ca7c2041064a7f36f03ecb4c5c1dd1a15e1a,348,WITHHELD_REDISTRIBUTION_REVIEW,RELEASED_ATTRIBUTION_REQUIRED
dist_a849595d065dabb6,shadow,44e83d4839794580516200312ff966f971ef762c7d3c78588bfe733e1b1ce7f9,a3791e715317a7f49ef9a4acaa21fe30e4fe720a114b86ba4ce9716415d5df21,7b4186b0aefd78a49500b9e5b6f9d45c55d7913a2d409f6304267a1d89d5815e,mohres/The_Arabic_E-Book_Corpus,train,7d26ca7c2041064a7f36f03ecb4c5c1dd1a15e1a,783,WITHHELD_REDISTRIBUTION_REVIEW,RELEASED_ATTRIBUTION_REQUIRED
dist_c0e6db2baa353d95,shadow,c1952097a2224b113644ce800bb0f36e9409c4f6ea1a8fdffeb7ec93f26c9a77,c8e4cd5475194e69e6014ea3205b571920c4ae292e7657828e5d6a9123c6d75f,0facd721f7d7e6c6262e085d064ab169b02a1eaa5ed9d11f19abaeb96732c187,calfa-ai/iskandar,train,8cd27a8a823b4bf7d5f119a3f94ec798fc792ab0,036,WITHHELD_REDISTRIBUTION_REVIEW,RELEASED_ATTRIBUTION_REQUIRED
dist_f1c6ffc21d06cc08,shadow,2a3ae8304aade67a32f5ce5acd2b5e2e664d09412da2324686f2a04b01f9382e,d3d3c5235a50e7889fc134b83f9537c6c2b868b86dff8359ee648e6d1cff5cf2,020db3f7756f93ae8bd3fcac45c5c20095ca0a1f6e02b92da11802f6ed21df83,ahmedheakl/arocrbench_historicalbooks,train,cbe0684cfc878f281be6d6b11c22f41d32842c00,9,WITHHELD_REDISTRIBUTION_REVIEW,WITHHELD_LICENSE_UNKNOWN_OR_UNCLEAR
dist_b0e3aad1fa20ae94,shadow,5cc40b96de0f790392d0e4234a2516f84b487259a4460c392f4a9c13cf6d5812,9aae7e57c6b567ca8cde4481f27ecbb1b1d7b579193fd77690b5d839049b2473,4ced79ce1de6661a658fc6d1981858683c67c5efd91573106da54c3f8dfc0e08,calfa-ai/tarima,train,8ccf8adb3dec69f0eb5a54eede92fc0ce465509b,0258,WITHHELD_REDISTRIBUTION_REVIEW,RELEASED_ATTRIBUTION_REQUIRED
dist_9092d54abd6459ae,shadow,ef7c2007e29e06cc79dc4f41f15a5c55a692e2595f9635e378fcbf1ef47d536b,54c1c426b44f8dad2224be2bcc2112b9a7707c59f569e0c96b007c6faa8d7d97,147fcd39b6e3fab00665e7cb2121247647a0f6733fbcd9a0d103f293cde8a98b,MohamedRashad/arabic-img2md,train,b259f4e285483107f1585960cfd62e17bdc6c712,4721,WITHHELD_REDISTRIBUTION_REVIEW,RELEASED_ATTRIBUTION_REQUIRED
dist_95e0d416a18260b4,shadow,0dddd4a3f06fcca78736b1a793eb4d8b9c5bdba5f8e93dad4a43863a4180e0ca,5036b5e6a87781e9fbb5b95eb9e675e3a93138263cbebbc34a7cc893113c9c68,8a6edbbf00471efd39b1a9dccd6bfb8a468cd6ccb17df99e733eb7ea24a61ecc,ahmedheakl/arocrbench_tables,train,1fc7dbf1414f82f04c091087af31d30446bd1867,200,WITHHELD_REDISTRIBUTION_REVIEW,WITHHELD_LICENSE_UNKNOWN_OR_UNCLEAR
dist_7ffbb7c9291660a0,shadow,6940e5c6c88e2d58205b02a9fdd57b48f1ae93e006f5ca2622b37332ab2b6221,7dc7448083d3446279fbbd2441696d287c8380264eecc3fc211aa249397eb51f,f31417e9ecdc5ea5bff649fac6acfceafb2e3bc1455a5df2835b49c83f4702e8,calfa-ai/RASAM-1,train,0dd7531ae68fb0bfc5cb7b189955cb3002a1ec95,0030,WITHHELD_REDISTRIBUTION_REVIEW,RELEASED_ATTRIBUTION_REQUIRED
dist_7c0579f7859b40e2,shadow,ac73d052256617b47ed07622a5b3fe6a2f58faf97e5ab1fcc81213b1d9ffab9d,e69115006fdd1ae655df9c23af8014ec617a732cccfc4983a0f89b9ca61a029d,76bd996b541486f5aaff1059bb77d27c292bccd989f2c321604714cd9a8fb479,craneset/arabic-ocr,train,c7df81cbef12277b46aa592bb0114636d642e6ad,segment_00030_page_00004,WITHHELD_REDISTRIBUTION_REVIEW,RELEASED_ATTRIBUTION_REQUIRED
dist_b7936cf3eb5b461d,shadow,531d21846afbabcfc9101c692aa1edb9777755159f45b36c48aaec82bf221449,8511aefb4872f3bdcb1238c9a6debde3d04e30e82e5bd48704e4cde779a9b994,203ec3d11858cba53ea55aa2035353bf8b6d9020d64d1cd01299dc84e723e13d,mohres/The_Arabic_E-Book_Corpus,train,7d26ca7c2041064a7f36f03ecb4c5c1dd1a15e1a,435,WITHHELD_REDISTRIBUTION_REVIEW,RELEASED_ATTRIBUTION_REQUIRED
dist_80e9b86c7bab031c,faded,9ead3bd22b25d502cdc8b44d78a7dbe2c1b100d6aad401f1376830956ee4db14,a41c07a9f7c58d166b24ee9dafec6913dc0319ad7b509b1d79d11a32bb2bd08e,564d88283b6ea5616b7466ae9c0d89ad175123dd146660d9d45f155417f1fcc1,mohres/The_Arabic_E-Book_Corpus,train,7d26ca7c2041064a7f36f03ecb4c5c1dd1a15e1a,1566,WITHHELD_REDISTRIBUTION_REVIEW,RELEASED_ATTRIBUTION_REQUIRED
dist_47852de68f0a35e3,faded,69ba7c02d3f65f754f91f9dc91c794106844212166c05fdca7ca618a495799a8,3120942addfc84331f4af59e83ea6fd539c979386b16b7f07308080219420769,7b33641a168d5e288025c34dd9a558d262be25aea887f369f2bede14b7998eb0,MohamedRashad/arabic-img2md,train,b259f4e285483107f1585960cfd62e17bdc6c712,2333,WITHHELD_REDISTRIBUTION_REVIEW,RELEASED_ATTRIBUTION_REQUIRED
dist_c7fd8f1223f18ef6,faded,6c5dc3a04235d11a4d931d721f99d4da82f7eefb375f044ed8cdc2f69ecc8e62,051f7b9709c4196c4fbb38801e76aa9bdad3f1c05a632fa0560362dc976b1f92,bb941b48ccf31edcbb5770763d0a59032af88d442a738496105a05d8c7c890c4,ahmedheakl/arocrbench_tables,train,1fc7dbf1414f82f04c091087af31d30446bd1867,0,WITHHELD_REDISTRIBUTION_REVIEW,WITHHELD_LICENSE_UNKNOWN_OR_UNCLEAR
dist_aa62db315d05ab96,faded,9fbb370581805295cbc4e1ef8abec49230d62ff4c3d548a177f798df04791a85,2ac686daf84fa6bda4b091c61473fc13b4cb2bbe5038862242ec49639bdaa25c,230bf594b9f0895e8a1d6c0af7bc581d2cfc4b4dde02705d8286722cca2795f8,calfa-ai/RASAM-1,train,0dd7531ae68fb0bfc5cb7b189955cb3002a1ec95,0186,WITHHELD_REDISTRIBUTION_REVIEW,RELEASED_ATTRIBUTION_REQUIRED
dist_dc766d973a2a0f31,faded,27256691a8f720c25ec2d62638f0b16406db1ca245170fdf5a01c183a73c1605,f83ac0d41d576758eeea4465ea1e0a97e6687b0a6b7ab06e870ea75980963452,a2620be67b7049c5c916f5086f73cdc2ee9a6a7a707b44e642646d5740869a39,craneset/arabic-ocr,train,c7df81cbef12277b46aa592bb0114636d642e6ad,segment_00030_page_00002,WITHHELD_REDISTRIBUTION_REVIEW,RELEASED_ATTRIBUTION_REQUIRED
dist_4ab1961707049a0f,faded,3dcf8ffc2b3f944b6d287aedb1cf81a59b1e540f88aa49aef632ffaa97dc5404,a3b270421b11806d1bb9264c4d2c7f1695b1faab9e6d3543b72f508f07bfed93,e4126041560b3800c14b2934abb836eec9a06bd882c86f76e77cc8e3743b44bc,mohres/The_Arabic_E-Book_Corpus,train,7d26ca7c2041064a7f36f03ecb4c5c1dd1a15e1a,261,WITHHELD_REDISTRIBUTION_REVIEW,RELEASED_ATTRIBUTION_REQUIRED
dist_4ef9d46a31fb09b2,faded,627aa5d010070cc5bf4b09d7ecb54cb0af05b606704f83c97931518bf52e7fc3,aee0c404c5ee088adcddc147114c648ac8e5ecea09203377c06e103e19f59d04,ec4049c303e1e2e493f3dae15a35763502f3e390a571405f7064bdf35fe89fc6,calfa-ai/baybars,train,ce04cd0779386abf25ee24faf84518df33ed41b3,l019-089,WITHHELD_REDISTRIBUTION_REVIEW,RELEASED_ATTRIBUTION_REQUIRED
dist_2d81d1a4372623bf,faded,b403298280a723c786745105a84c83f8393ef21dc1ad77bf1202a078db99753f,ff35d3488d863d96c2cc7c3fc06dea0980f9b71b8d87d6d76dc745d1e93131fd,4436cff6e00617505b3faf18011cd61095264600b19fcf6f2f136896e1d4c6ba,ahmedheakl/arocrbench_hindawi,train,5693b901e43bb5c72b4b77e4a3efeadfd01739a8,177,WITHHELD_REDISTRIBUTION_REVIEW,WITHHELD_LICENSE_UNKNOWN_OR_UNCLEAR
dist_4d04d2ed0cf27a7c,faded,757ce8545ffcbdf4779c19e8ae3f6af1847a1899945424efd737711fad7e970a,3d65800d138deed0e59505e9e016823ca1231c408b29a66dcc1898cd2d8cf7ed,18746fca32511792ce764de83e8fe40204d93b01c530a9da19fe6c58ad0d3feb,mohres/The_Arabic_E-Book_Corpus,train,7d26ca7c2041064a7f36f03ecb4c5c1dd1a15e1a,1218,WITHHELD_REDISTRIBUTION_REVIEW,RELEASED_ATTRIBUTION_REQUIRED
dist_fe3e5d48bcf3b381,bleedthrough,d3fc751a7f3f61cde5e086e7d8c9ffffa78cb38401d65dcc56a840bbb5d00da8,f7eee34abd47d15ac0ba3dbe1e2676f93ce1b1370af6161b69cbb9bece9e8f6b,3a9bcf46b1ce195a6350d14774c0a013206b9f7037dc2d797df22f7422ab846b,calfa-ai/tarima,train,8ccf8adb3dec69f0eb5a54eede92fc0ce465509b,122,WITHHELD_REDISTRIBUTION_REVIEW,RELEASED_ATTRIBUTION_REQUIRED
dist_d343e3e07de58530,bleedthrough,cd85d05adaa26478732121f89af18cc2795a42a41b5f20c21fcbce97216fb7d5,7f261f75a31d7525b1ee236ebc6f5a67c31bf95cb85a55e815bfaf0951f942b6,4b5932941e17e5f291bea44bfbc5c0be6b696f3a20c1d8eab8ef25b831c857ca,MohamedRashad/arabic-img2md,train,b259f4e285483107f1585960cfd62e17bdc6c712,13650,WITHHELD_REDISTRIBUTION_REVIEW,RELEASED_ATTRIBUTION_REQUIRED
dist_b619ce11ebbfb44b,bleedthrough,b38333890048f359ff8caa50c1446436d56d0cc5d8c3d76e718f88f6edfad3d3,26e3a01ac25e74863c4314168228c7909629623b66f899902af7a7b11538a8df,ce17841c7f0e0d9ca3dae1263df1fe313910018aa89055c781adb3b36c7fb12d,mohres/The_Arabic_E-Book_Corpus,train,7d26ca7c2041064a7f36f03ecb4c5c1dd1a15e1a,87,WITHHELD_REDISTRIBUTION_REVIEW,RELEASED_ATTRIBUTION_REQUIRED
dist_d8dc97b4cf17a670,bleedthrough,7e49c6f8023045bd97f70f754937145ed148cbe70c34ef127988372e02879e8c,fc0f57ea6d0946a6cabefeeb501e88e3e7132039544b95c409e61e37eeaa278a,ba67de2bb7e784ec1900c5292e06cb0d38ac37255e9e8682731f0ed4925f6fe6,calfa-ai/RASAM-2,train,dd04242a1f18e519df0944d19ae2d868e404d6e5,49803,WITHHELD_REDISTRIBUTION_REVIEW,RELEASED_ATTRIBUTION_REQUIRED
dist_14a68aa4d4edd0b2,bleedthrough,813ebf0e1f9ed8f461edd555a6c5468978ebcf83171ff1e31d7ab377a09558f7,5a93ab59f6b8c56604b82921abbd9b77da1a61e8b4e5246d457aa1bc28d538e9,00cca059f3cb7218239212c941e6ce3ca7d8d29a645ad45bbb621df2604599b4,ahmedheakl/arocrbench_hindawi,train,5693b901e43bb5c72b4b77e4a3efeadfd01739a8,88,WITHHELD_REDISTRIBUTION_REVIEW,WITHHELD_LICENSE_UNKNOWN_OR_UNCLEAR
dist_209fef3d1ebc4d1a,bleedthrough,e143230d9510acfc35e9d9225c4c41323264849a20c23991b5afe3759f5172ac,7b29907bbb113e2df024d9dc0992217c5307edec213de9e952e75786b39a6995,7c362f59c42e203e7605240c572ff54409a80dcaa7b1d697b14b0ea06f2ea685,mohres/The_Arabic_E-Book_Corpus,train,7d26ca7c2041064a7f36f03ecb4c5c1dd1a15e1a,1044,WITHHELD_REDISTRIBUTION_REVIEW,RELEASED_ATTRIBUTION_REQUIRED
dist_a6de1c456d2fe1c7,bleedthrough,b7d4857eb1da11c864aaa8d896b78005a10bdcc423727ced9f59c773b6293d43,a0948ceaa8529d9946f286f76bb3f0ca37318214b0f50d3084d0ff349f43c66b,aef23f3ab9be379de233c38afc5041b797814e82f2ce47954dc8260efc547d23,calfa-ai/iskandar,train,8cd27a8a823b4bf7d5f119a3f94ec798fc792ab0,179,WITHHELD_REDISTRIBUTION_REVIEW,RELEASED_ATTRIBUTION_REQUIRED
dist_9b86d75d76752479,bleedthrough,455c3733a0c9b257d130499ba309b003e42816bf462eeeb266d46567f0174aa0,67c8bd0bd51d768a04ef0e18f695e86c6cd990a8666f8ecc714065516582769b,953644d78d77521a35b3b2e27bb80b424865774a6705b14e4b15d6dc67327f08,ahmedheakl/arocrbench_khattparagraph,train,d0e44472833d6de53ff23ca0cb1d36c77a213581,54,WITHHELD_REDISTRIBUTION_REVIEW,WITHHELD_LICENSE_UNKNOWN_OR_UNCLEAR
dist_fff4dc4b3f86b385,bleedthrough,998bf1bcae42ee6bdc1113baa447b3114b49f9a09fd8e41d1774a13b608147d1,0e8ba830ecd576431f51b453598cf179f381fdcaf247f9a31d22b0534fe3820c,1431b915797ef2399b42e1c02ef9979707c16761b4ff244500093ce61ed07082,calfa-ai/tarima,train,8ccf8adb3dec69f0eb5a54eede92fc0ce465509b,000021,WITHHELD_REDISTRIBUTION_REVIEW,RELEASED_ATTRIBUTION_REQUIRED
dist_f15370acb8f8b631,combined,2c4afa8f8845095ea117347ff1647f792b853dcc03d55f72222a88975383794c,b90b82b4f9e8bea1b930889769d5303a9abbc6bf9fd0cd14e3ff386671ffcaf9,1edfd7951c002f17e1f03b6978973cc0bc39346eadd42bccdc18ba7bb5e67f4b,calfa-ai/RASAM-2,train,dd04242a1f18e519df0944d19ae2d868e404d6e5,180494,WITHHELD_REDISTRIBUTION_REVIEW,RELEASED_ATTRIBUTION_REQUIRED
dist_a2e6646527859cc9,combined,ad9a3289aa4f22242adcc347274dddc286584a5d70effc1ec10389901307afb7,ff35d3488d863d96c2cc7c3fc06dea0980f9b71b8d87d6d76dc745d1e93131fd,4436cff6e00617505b3faf18011cd61095264600b19fcf6f2f136896e1d4c6ba,ahmedheakl/arocrbench_hindawi,train,5693b901e43bb5c72b4b77e4a3efeadfd01739a8,177,WITHHELD_REDISTRIBUTION_REVIEW,WITHHELD_LICENSE_UNKNOWN_OR_UNCLEAR
dist_a6aa584f1f563af1,combined,0df3f103b1680e52d719d52c2355e824bb0775ed38184942dbb7bec80736b023,a41c07a9f7c58d166b24ee9dafec6913dc0319ad7b509b1d79d11a32bb2bd08e,564d88283b6ea5616b7466ae9c0d89ad175123dd146660d9d45f155417f1fcc1,mohres/The_Arabic_E-Book_Corpus,train,7d26ca7c2041064a7f36f03ecb4c5c1dd1a15e1a,1566,WITHHELD_REDISTRIBUTION_REVIEW,RELEASED_ATTRIBUTION_REQUIRED
dist_85645a47fbcd4a17,combined,2e2067855f3224e5eec9220c1ea5ad39dd3f821102b4634642202b25ac80ede9,165f7f8dd39d0ec3bc10f3f89d79ca4f4391b729eb7b897a432995b86c139cdf,eccf56b734ec99fc8f1fc1cf825035e9f16f67d50dc4dc9459811d992dcaacf8,MohamedRashad/arabic-img2md,train,b259f4e285483107f1585960cfd62e17bdc6c712,7133,WITHHELD_REDISTRIBUTION_REVIEW,RELEASED_ATTRIBUTION_REQUIRED
dist_a65adc130f4620a6,combined,9d8d45bb7f979cd3fc3e45fa28b258b2c3e15a81ed105472b7d9edb7403bdb4d,aee0c404c5ee088adcddc147114c648ac8e5ecea09203377c06e103e19f59d04,ec4049c303e1e2e493f3dae15a35763502f3e390a571405f7064bdf35fe89fc6,calfa-ai/baybars,train,ce04cd0779386abf25ee24faf84518df33ed41b3,l019-089,WITHHELD_REDISTRIBUTION_REVIEW,RELEASED_ATTRIBUTION_REQUIRED
dist_ec5b8eed91673c91,combined,1e6291251ba709c66dc7b8978615005c8c4be872a31a2367b16b8d9031dd0924,c6ba8f26fffebc6605e2b902bf3dc5dcedd4ab11f2029ddedfb88f395fba8933,a1ace0aacef379ad3d6f6ecdff5f6c4b1dd8000086fcc4095354586131af3eeb,ahmedheakl/arocrbench_historicalbooks,train,cbe0684cfc878f281be6d6b11c22f41d32842c00,5,WITHHELD_REDISTRIBUTION_REVIEW,WITHHELD_LICENSE_UNKNOWN_OR_UNCLEAR
dist_7a00641622c00848,combined,2986f9d45512b84ec631b2d8b597f78ef57692a030479f92c57883677857aebb,f521f87432de8c8e769cb271945fabb08ad662c77dc088750a3f5a2231ba65ef,0ab07df101cec47e7252f7e284226ba012e90fe3fbf19a8e6b51783f27231f74,calfa-ai/tarima,train,8ccf8adb3dec69f0eb5a54eede92fc0ce465509b,0006,WITHHELD_REDISTRIBUTION_REVIEW,RELEASED_ATTRIBUTION_REQUIRED
dist_76b5dc4a775c7562,combined,569f9d024c59abd63d58118619fba32a694e005e1b1941101d2af4b4c199fc25,075729f4ccfe640ef8742489677ea1d85b336ada0f5414e4a3c408a59d6c468e,0417e57e72df903865ead6e4439c7e986f7a81e3e064dc6508e662790db80a5a,MohamedRashad/arabic-img2md,train,b259f4e285483107f1585960cfd62e17bdc6c712,12550,WITHHELD_REDISTRIBUTION_REVIEW,RELEASED_ATTRIBUTION_REQUIRED
dist_e61e905caae83169,combined,64bd45d0fd6c62b1b2063ffbd6774b173138f7e55582fa77f035fb3ea806da14,77faa0140343e7629f462ca4fb1a73fa322212e8da7111ef0c6e2d46fdefc956,f58c9742ac03adff9dc92771e058785ebc6cc4ec3aa70b0d19f926b1da088355,mohres/The_Arabic_E-Book_Corpus,train,7d26ca7c2041064a7f36f03ecb4c5c1dd1a15e1a,348,WITHHELD_REDISTRIBUTION_REVIEW,RELEASED_ATTRIBUTION_REQUIRED
dist_8577d0eb1449cbdc,combined,98b651b88a66760b1c30a72504df0995ac30b3f556d43c82659363a56409c871,a07e6e910da85bb929a820542c7b0b0d4c79dfbb08d6e375bfc31f7e7afb2fd3,35567386283a28e45a8b8876bc5e8f4b38d0f24db80edc130b3853c90de739ea,calfa-ai/iskandar,train,8cd27a8a823b4bf7d5f119a3f94ec798fc792ab0,79,WITHHELD_REDISTRIBUTION_REVIEW,RELEASED_ATTRIBUTION_REQUIRED
dist_9fe6d2c99ddda577,combined,2f477ea7b429267bd3b66a5ca598533d97d239e1cc10f7c0ad70cd1fd414b085,67c8bd0bd51d768a04ef0e18f695e86c6cd990a8666f8ecc714065516582769b,953644d78d77521a35b3b2e27bb80b424865774a6705b14e4b15d6dc67327f08,ahmedheakl/arocrbench_khattparagraph,train,d0e44472833d6de53ff23ca0cb1d36c77a213581,54,WITHHELD_REDISTRIBUTION_REVIEW,WITHHELD_LICENSE_UNKNOWN_OR_UNCLEAR
dist_8fc3e5ac85004989,combined,c43f9f7f9cef5ff73cd34691a88b4afd4a4a473b9f2c6831c1928943dcef11d7,f7eee34abd47d15ac0ba3dbe1e2676f93ce1b1370af6161b69cbb9bece9e8f6b,3a9bcf46b1ce195a6350d14774c0a013206b9f7037dc2d797df22f7422ab846b,calfa-ai/tarima,train,8ccf8adb3dec69f0eb5a54eede92fc0ce465509b,122,WITHHELD_REDISTRIBUTION_REVIEW,RELEASED_ATTRIBUTION_REQUIRED
dist_56aa5b782b287797,combined,023690afddaa9dba68aed0a81f6207cd1fd7b8e364c016b82be7ff5798686a0f,e69115006fdd1ae655df9c23af8014ec617a732cccfc4983a0f89b9ca61a029d,76bd996b541486f5aaff1059bb77d27c292bccd989f2c321604714cd9a8fb479,craneset/arabic-ocr,train,c7df81cbef12277b46aa592bb0114636d642e6ad,segment_00030_page_00004,WITHHELD_REDISTRIBUTION_REVIEW,RELEASED_ATTRIBUTION_REQUIRED
dist_24278ad2b62fc43f,combined,c2bd1bc00261793a3c4db9004de0e43e2f44598609c28d190b2cff9c7f1f8d47,a3791e715317a7f49ef9a4acaa21fe30e4fe720a114b86ba4ce9716415d5df21,7b4186b0aefd78a49500b9e5b6f9d45c55d7913a2d409f6304267a1d89d5815e,mohres/The_Arabic_E-Book_Corpus,train,7d26ca7c2041064a7f36f03ecb4c5c1dd1a15e1a,783,WITHHELD_REDISTRIBUTION_REVIEW,RELEASED_ATTRIBUTION_REQUIRED
dist_7388976f99c0123b,combined,691e67566d8ab3d2369f133547cb320b63334d7bdf848a659f6704f01961369d,d692a26930d6af7aa82724f67ce0512ba091669e88fa91633ce269c475f3acf4,fa553d1e39b806bb0567bf549ca681f578b7ffb1b6d73dd0711b6c37e83ff010,MohamedRashad/arabic-img2md,train,b259f4e285483107f1585960cfd62e17bdc6c712,0,WITHHELD_REDISTRIBUTION_REVIEW,RELEASED_ATTRIBUTION_REQUIRED
dist_c4cd49fedca675f6,combined,e741ba0048926951d06b9abb654110d6e07d66413350e8b785bf10cc2d770c68,3b4340e50b7b3433c5cfe5fecf8cbec015ee580e130b9c1b0f24decb196b015f,bef2f74b7af15cdb68f0101d09348f3335caed762418570d61d6b6c5a321f697,ahmedheakl/arocrbench_doclaynet,train,92853b44e9259cbdbbbb3cb84ae9ced036d58c3f,464,WITHHELD_REDISTRIBUTION_REVIEW,WITHHELD_LICENSE_UNKNOWN_OR_UNCLEAR
dist_e929d5935b7d6a17,combined,40ce07b21f66ceebdbf0c89e9ae27fee45004ea7273880cd368e3a65166f6f7c,91a771f725a9203ef504a24872de1912e1b7d9b66589398e3d341c722d0abe50,650b639ee582d628f839b89d37705b8b0d90a970ae81d97cd97268a7011f95ea,calfa-ai/RASAM-1,train,0dd7531ae68fb0bfc5cb7b189955cb3002a1ec95,00025,WITHHELD_REDISTRIBUTION_REVIEW,RELEASED_ATTRIBUTION_REQUIRED
dist_4c265aa169cf1581,combined,fff566569b66c57c1330cead9ff0734a0afe7b8422b9288e99899339e5c6d682,a4065a58a731361fb63b7542ba432c934f9b9ccd14a7351f2ef1bac26541fc33,7b8a2e41912ba578ed86083a819726224c7a1d4454d525f5a2734fa26d0395d9,ahmedheakl/arocrbench_hindawi,train,5693b901e43bb5c72b4b77e4a3efeadfd01739a8,31,WITHHELD_REDISTRIBUTION_REVIEW,WITHHELD_LICENSE_UNKNOWN_OR_UNCLEAR
dist_3380a91f74f0d92a,combined,4830e6d0288da22b2cdc19fbb828216804615b228a366dc72d8165d511c31c05,2f6c6bafb8da0c00f1210f04a096e77f5811bf4f2eaef70f4a94b1e6b25fa548,f4b4b5d4f9f1dc09f89470fc0383c18d3be0e222b110e249298a5ba359491dfe,MohamedRashad/arabic-img2md,train,b259f4e285483107f1585960cfd62e17bdc6c712,1500,WITHHELD_REDISTRIBUTION_REVIEW,RELEASED_ATTRIBUTION_REQUIRED
dist_b1a7e7bd5f4cc22c,combined,788ea011b3de359633f1c79dbba0586165380e6a9d10f4ad6fd7a72d17ce3085,174336c5b029760e7118fc68ad90c1f86d52705af2e96002b90baed7caf58258,13c1be7dae0b30cdd0da702f74de7e209ad476aa61feac83e393524aace07d12,ahmedheakl/arocrbench_tables,train,1fc7dbf1414f82f04c091087af31d30446bd1867,409,WITHHELD_REDISTRIBUTION_REVIEW,WITHHELD_LICENSE_UNKNOWN_OR_UNCLEAR
dist_f858e4da71691130,combined,b56353648dc58b2402208202d65e4d859e4bbbadc2c94758b0b2becc2e867b0d,b90b82b4f9e8bea1b930889769d5303a9abbc6bf9fd0cd14e3ff386671ffcaf9,1edfd7951c002f17e1f03b6978973cc0bc39346eadd42bccdc18ba7bb5e67f4b,calfa-ai/RASAM-2,train,dd04242a1f18e519df0944d19ae2d868e404d6e5,180494,WITHHELD_REDISTRIBUTION_REVIEW,RELEASED_ATTRIBUTION_REQUIRED
dist_d6c44a17ddd4d4e3,combined,108b1e6ff9e25357157a3f8ffb8ce9f8c41a7d5b9f0c685428d53f8e57338ff9,ff35d3488d863d96c2cc7c3fc06dea0980f9b71b8d87d6d76dc745d1e93131fd,4436cff6e00617505b3faf18011cd61095264600b19fcf6f2f136896e1d4c6ba,ahmedheakl/arocrbench_hindawi,train,5693b901e43bb5c72b4b77e4a3efeadfd01739a8,177,WITHHELD_REDISTRIBUTION_REVIEW,WITHHELD_LICENSE_UNKNOWN_OR_UNCLEAR
dist_493f92654c7a786c,combined,1246d656a0280ca83b4d38bd26beb56fe7a2c2cabb030ea5194ba5c531944776,f566d9e7ec330ac869af2f1c522898893f20a01aebb361abe7fc38ce4dfa03da,24f9db4d19edc385d2895c7b43119708b95216ee517f53282d5e5ca62680784a,MohamedRashad/arabic-img2md,train,b259f4e285483107f1585960cfd62e17bdc6c712,5900,WITHHELD_REDISTRIBUTION_REVIEW,RELEASED_ATTRIBUTION_REQUIRED
dist_197d6b7cd62f0e99,combined,7fae0fde229c360ff8c92e793e01f27c2ba7f3451ee1b00141fae4c035e454c1,5f5a05e10fc880b7d6a7dd045d00291c266065c589385fa6cc3b32e568fb7b9e,95a30a88b5d63c9349bf1e7a13e085ed3e7df93a0f8a3e990f91c2f99786c7e9,ahmedheakl/arocrbench_historyar,train,4e8d71775498cb10b873453910a2819714b46463,193,WITHHELD_REDISTRIBUTION_REVIEW,WITHHELD_LICENSE_UNKNOWN_OR_UNCLEAR
dist_dd893602456c12af,combined,d00474d7d8cd32bf4cafd6d671e100b09c0dcff0a6c6d295da15ff1dad93331a,aee0c404c5ee088adcddc147114c648ac8e5ecea09203377c06e103e19f59d04,ec4049c303e1e2e493f3dae15a35763502f3e390a571405f7064bdf35fe89fc6,calfa-ai/baybars,train,ce04cd0779386abf25ee24faf84518df33ed41b3,l019-089,WITHHELD_REDISTRIBUTION_REVIEW,RELEASED_ATTRIBUTION_REQUIRED
dist_8b647513b8a11360,combined,900f6804410af467d7e716797f4d4078f6dc323cb22b0b5387e7404b7a09507f,c6ba8f26fffebc6605e2b902bf3dc5dcedd4ab11f2029ddedfb88f395fba8933,a1ace0aacef379ad3d6f6ecdff5f6c4b1dd8000086fcc4095354586131af3eeb,ahmedheakl/arocrbench_historicalbooks,train,cbe0684cfc878f281be6d6b11c22f41d32842c00,5,WITHHELD_REDISTRIBUTION_REVIEW,WITHHELD_LICENSE_UNKNOWN_OR_UNCLEAR
dist_48ca82ad05989502,combined,b3cc3274ac7f4ab72bdf5173bd81b10a0764ab4ecd00abb9348a9ea0790753fc,f521f87432de8c8e769cb271945fabb08ad662c77dc088750a3f5a2231ba65ef,0ab07df101cec47e7252f7e284226ba012e90fe3fbf19a8e6b51783f27231f74,calfa-ai/tarima,train,8ccf8adb3dec69f0eb5a54eede92fc0ce465509b,0006,WITHHELD_REDISTRIBUTION_REVIEW,RELEASED_ATTRIBUTION_REQUIRED
dist_a3de949b253710bc,combined,2fe0d4b3cd8365a115ad7ffb4ed62c939937fc34becc5f6d2812323b0bafc50e,075729f4ccfe640ef8742489677ea1d85b336ada0f5414e4a3c408a59d6c468e,0417e57e72df903865ead6e4439c7e986f7a81e3e064dc6508e662790db80a5a,MohamedRashad/arabic-img2md,train,b259f4e285483107f1585960cfd62e17bdc6c712,12550,WITHHELD_REDISTRIBUTION_REVIEW,RELEASED_ATTRIBUTION_REQUIRED
dist_6c23f887c352bdba,combined,99caca9e9879d6620dcc3b564f04bb87db5f87daefa46e124992dde43887b94d,77faa0140343e7629f462ca4fb1a73fa322212e8da7111ef0c6e2d46fdefc956,f58c9742ac03adff9dc92771e058785ebc6cc4ec3aa70b0d19f926b1da088355,mohres/The_Arabic_E-Book_Corpus,train,7d26ca7c2041064a7f36f03ecb4c5c1dd1a15e1a,348,WITHHELD_REDISTRIBUTION_REVIEW,RELEASED_ATTRIBUTION_REQUIRED
dist_9ce6cd54119cc24e,combined,5b0d9a04dbeededa53e24c0b2344050bb755a75b6cfa9fe950df4c6572f85396,a07e6e910da85bb929a820542c7b0b0d4c79dfbb08d6e375bfc31f7e7afb2fd3,35567386283a28e45a8b8876bc5e8f4b38d0f24db80edc130b3853c90de739ea,calfa-ai/iskandar,train,8cd27a8a823b4bf7d5f119a3f94ec798fc792ab0,79,WITHHELD_REDISTRIBUTION_REVIEW,RELEASED_ATTRIBUTION_REQUIRED
dist_1506e80c4b0d2427,combined,8aafece57c7eda77f3323d2285f504bd1caae80515aaf0f9e6a98f4bc686cc65,67c8bd0bd51d768a04ef0e18f695e86c6cd990a8666f8ecc714065516582769b,953644d78d77521a35b3b2e27bb80b424865774a6705b14e4b15d6dc67327f08,ahmedheakl/arocrbench_khattparagraph,train,d0e44472833d6de53ff23ca0cb1d36c77a213581,54,WITHHELD_REDISTRIBUTION_REVIEW,WITHHELD_LICENSE_UNKNOWN_OR_UNCLEAR
dist_f1c56a73b1c8186c,combined,01d76d9623440cebc6165068f40a8873ef50e9ef3b0af1be879003e7321f9dcf,f7eee34abd47d15ac0ba3dbe1e2676f93ce1b1370af6161b69cbb9bece9e8f6b,3a9bcf46b1ce195a6350d14774c0a013206b9f7037dc2d797df22f7422ab846b,calfa-ai/tarima,train,8ccf8adb3dec69f0eb5a54eede92fc0ce465509b,122,WITHHELD_REDISTRIBUTION_REVIEW,RELEASED_ATTRIBUTION_REQUIRED
dist_b6c0707da478e4e4,combined,807e11436e517c7b853c36024d86a65c91edb7d9f82f22764cc17afb737a3ac6,e69115006fdd1ae655df9c23af8014ec617a732cccfc4983a0f89b9ca61a029d,76bd996b541486f5aaff1059bb77d27c292bccd989f2c321604714cd9a8fb479,craneset/arabic-ocr,train,c7df81cbef12277b46aa592bb0114636d642e6ad,segment_00030_page_00004,WITHHELD_REDISTRIBUTION_REVIEW,RELEASED_ATTRIBUTION_REQUIRED
dist_3c27c998d245a8e7,combined,e59082c99e016eb07f246e122909ce542b7872aa6bb87e1f78bd14869c8a72dc,a3791e715317a7f49ef9a4acaa21fe30e4fe720a114b86ba4ce9716415d5df21,7b4186b0aefd78a49500b9e5b6f9d45c55d7913a2d409f6304267a1d89d5815e,mohres/The_Arabic_E-Book_Corpus,train,7d26ca7c2041064a7f36f03ecb4c5c1dd1a15e1a,783,WITHHELD_REDISTRIBUTION_REVIEW,RELEASED_ATTRIBUTION_REQUIRED
dist_e9e844c03ed4df24,combined,d72156fbf92cb65f363a69e5ea30d2c5137440dce096b20c54fb0dd603da79d1,d692a26930d6af7aa82724f67ce0512ba091669e88fa91633ce269c475f3acf4,fa553d1e39b806bb0567bf549ca681f578b7ffb1b6d73dd0711b6c37e83ff010,MohamedRashad/arabic-img2md,train,b259f4e285483107f1585960cfd62e17bdc6c712,0,WITHHELD_REDISTRIBUTION_REVIEW,RELEASED_ATTRIBUTION_REQUIRED
dist_4ad67030107c0434,combined,2cab7282e545907c6a448c788c48a793126441e5d611760a0a072fce8b7d6a30,3b4340e50b7b3433c5cfe5fecf8cbec015ee580e130b9c1b0f24decb196b015f,bef2f74b7af15cdb68f0101d09348f3335caed762418570d61d6b6c5a321f697,ahmedheakl/arocrbench_doclaynet,train,92853b44e9259cbdbbbb3cb84ae9ced036d58c3f,464,WITHHELD_REDISTRIBUTION_REVIEW,WITHHELD_LICENSE_UNKNOWN_OR_UNCLEAR
